Package name,Category,Apk size,Release date
com.bestbuy.android,Shopping,17M,8-Feb-2010
lifeisbetteron.com,Communication,32M,15-Feb-2010
com.mendhak.gpslogger,Travel & Local,Varies with device,17-Feb-2010
jp.co.johospace.jorte,Productivity,Varies with device,18-Feb-2010
com.hsn.android,Shopping,4.1M,2-Mar-2010
es.mmip.prisacom.as,Sports,30M,18-Mar-2010
com.myfitnesspal.android,Health & Fitness,Varies with device,26-Apr-2010
com.eleybourn.bookcatalogue,Productivity,Varies with device,1-May-2010
jp.hyoromo.automaticsettingwallpaper,Tools,1.3M,28-May-2010
com.eurosport,Sports,Varies with device,11-Jun-2010
com.crittermap.backcountrynavigator,Maps & Navigation,17M,23-Jun-2010
com.EAGINsoftware.dejaloYa,Medical,14M,3-Jul-2010
com.foxnews.android,News & Magazines,Varies with device,13-Jul-2010
wonju.bible,Books & Reference,13M,15-Jul-2010
com.aol.mobile.aolapp,News & Magazines,Varies with device,22-Jul-2010
com.clickthecity.ctc,Lifestyle,13M,25-Jul-2010
run.to.ahoworld,Action,22M,23-Aug-2010
com.kakao.talk,Communication,96M,23-Aug-2010
com.kny.TaiwanWeatherInformation,Weather,17M,30-Aug-2010
jp.ebookjapan.ebireader,Comics,11M,14-Sep-2010
com.graytv.android.wndunews,News & Magazines,29M,15-Sep-2010
de.mobilesoftwareag.clevertanken,Travel & Local,Varies with device,28-Sep-2010
com.grouptechnologies.groupboard,Communication,5.3M,12-Oct-2010
com.anxa.savoirmaigrir,Health & Fitness,47M,19-Oct-2010
com.groupme.android,Communication,13M,3-Nov-2010
com.iPass.OpenMobile,Productivity,18M,8-Nov-2010
com.mk.news,News & Magazines,2.5M,1-Dec-2010
de.boersego.gmt.android,Finance,35M,2-Dec-2010
com.interpro.ezmaxandroid,Productivity,53M,15-Dec-2010
com.soundcloud.android,Music & Audio,22M,21-Dec-2010
com.excavator.stockquotes,Finance,Varies with device,21-Dec-2010
br.com.mobagile,Business,9.8M,28-Jan-2011
com.hatena.android.bookmark,News & Magazines,7.0M,3-Feb-2011
com.amcom.MEClient,Medical,8.1M,10-Feb-2011
com.cricbuzz.android,Sports,Varies with device,18-Feb-2011
com.gh4a,Productivity,5.7M,15-Mar-2011
com.expensable,Finance,4.7M,28-Mar-2011
com.distilledmedia.thejournal,News & Magazines,Varies with device,8-Apr-2011
com.socialapps.homeplus,Shopping,12M,12-Apr-2011
com.jeuxvideo,News & Magazines,Varies with device,14-Apr-2011
com.elflow.MPVViewer,Business,901k,18-Apr-2011
ru.yandex.money,Finance,Varies with device,20-Apr-2011
com.guidebook.android,Travel & Local,26M,25-Apr-2011
com.demokritos.optitrans,Maps & Navigation,4.0M,12-May-2011
com.mobond.mindicator,Travel & Local,17M,21-May-2011
fr.funssoft.apps.time4dhikr,Books & Reference,5.6M,22-May-2011
kr.go.epost.app.findZip,Lifestyle,4.9M,29-May-2011
com.prosoftnet.android.idriveonline,Productivity,14M,7-Jun-2011
com.kokanes.birdsinfo,Books & Reference,19M,19-Jun-2011
org.appness.coloradobaseballfree,Sports,3.3M,20-Jun-2011
com.yodesoft.android.game.yopuzzleSharks,Puzzle,9.3M,30-Jun-2011
com.angieslist.android.activity,Lifestyle,29M,30-Jun-2011
com.YBMSisa,Education,16M,11-Jul-2011
com.cracked.android.lite,Entertainment,9.2M,15-Jul-2011
com.hudl.hudroid,Sports,Varies with device,20-Jul-2011
de.spiegel.ereader,News & Magazines,3.9M,28-Jul-2011
com.infinum.hak,Travel & Local,18M,29-Jul-2011
com.evaair.android,Travel & Local,38M,8-Aug-2011
com.ideep.teleoffice,Business,Varies with device,8-Aug-2011
com.skcomms.android.mail,Communication,6.9M,23-Aug-2011
com.minube.app,Travel & Local,40M,1-Sep-2011
org.obsmapp,Books & Reference,Varies with device,2-Sep-2011
kr.co.clipon.ShiftWork,Lifestyle,8.9M,7-Sep-2011
com.dayforce.mobile,Business,Varies with device,15-Sep-2011
fr.playsoft.lefigarov3,News & Magazines,Varies with device,4-Oct-2011
live.livetoto,Lifestyle,2.5M,12-Oct-2011
com.digiwin.Mobile.Android.MCloud,Business,27M,18-Oct-2011
com.astea.asteamobile,Business,Varies with device,21-Oct-2011
com.ifeelpixel,Photography,6.3M,24-Oct-2011
com.shaadi.android,Social,16M,25-Oct-2011
com.supervalu.android.cub,Shopping,22M,4-Nov-2011
hu.novopharma.pharmainfo,Medical,545k,8-Nov-2011
com.asahi.tida.tablet,News & Magazines,12M,8-Nov-2011
net.daum.android.cafe,Social,40M,27-Nov-2011
com.jgrue.vgpc,Books & Reference,1.1M,30-Nov-2011
pl.navime.android,Health & Fitness,5.0M,3-Dec-2011
com.futuresimple.base,Business,18M,15-Dec-2011
com.findlaychevrolet.dealerapp,Business,6.4M,19-Dec-2011
com.spreaker.android,News & Magazines,5.4M,20-Dec-2011
com.ksl.android,News & Magazines,5.8M,23-Dec-2011
ru.ozon.app.android,Shopping,60M,28-Dec-2011
net.icolibra.jimi,Social,12M,30-Dec-2011
com.yodesoft.android.game.yopuzzleInsects,Puzzle,11M,4-Jan-2012
com.parisnews,News & Magazines,908k,7-Jan-2012
com.altibbi.directory,Medical,19M,9-Jan-2012
com.romkuapps.enfree.duedate,Parenting,8.2M,11-Jan-2012
com.locnall.KimGiSa,Maps & Navigation,Varies with device,19-Jan-2012
com.chbreeze.jikbang4a,House & Home,22M,20-Jan-2012
com.highbrow.game,Role Playing,86M,27-Jan-2012
com.PonRod,Finance,10.0M,27-Jan-2012
davidfassy.android.arutzmeir,Education,1.8M,29-Jan-2012
com.bravolol.bravolang.englishchinesecdictionary,Education,14M,4-Feb-2012
com.brainpub.phonedecor,Personalization,13M,8-Feb-2012
com.onemanwithcameralomo,Photography,Varies with device,14-Feb-2012
com.wNextronic,Business,126k,16-Feb-2012
pl.trojmiasto.mobile,News & Magazines,5.5M,22-Feb-2012
com.avira.android,Tools,30M,27-Feb-2012
hk.edu.cuhk.cuhkmobile,Education,8.5M,8-Mar-2012
com.columbia.android.foothills,Health & Fitness,4.9M,14-Mar-2012
com.samsung.washer,Tools,7.3M,15-Mar-2012
com.cox.homesecurity,Lifestyle,22M,16-Mar-2012
net.kwangaku.kgp,Education,11M,22-Mar-2012
com.andromo.dev38828.app46750,News & Magazines,3.7M,26-Mar-2012
com.sony.nfx.app.sfrc,News & Magazines,Varies with device,27-Mar-2012
com.comarch.ibard,Tools,78M,3-Apr-2012
com.matriksdata.finansyatirim,Finance,4.8M,4-Apr-2012
nl.onesixtymobile.themap,Travel & Local,38M,6-Apr-2012
com.lxnav.nanoconfig,Tools,8.7M,12-Apr-2012
com.gometro,Maps & Navigation,40M,16-Apr-2012
com.dochalo.dochalo,Medical,47M,17-Apr-2012
com.ogqcorp.bgh,Personalization,Varies with device,18-Apr-2012
com.mitake.android.ie.shinkong,Finance,76M,18-Apr-2012
com.samsung.privilege,Lifestyle,20M,30-Apr-2012
be.bloso.sportdb,Sports,36M,3-May-2012
fr.nghs.android.crosswords,Word,6.4M,7-May-2012
com.sristc.etage,Auto & Vehicles,43M,8-May-2012
nl.itnext.dasincasso,Finance,5.9M,10-May-2012
com.okune.findit,Maps & Navigation,15M,12-May-2012
com.tesyio.graffitimaker,Entertainment,17M,16-May-2012
it.studioziveri.MyPayRoll,Business,16M,24-May-2012
no.ark.ebok,Books & Reference,20M,1-Jun-2012
com.cityguide.aboutdelhi,Travel & Local,6.9M,2-Jun-2012
com.dlink.QRSmobile,Productivity,4.4M,4-Jun-2012
com.buzzhives.android.tripplanner,Maps & Navigation,13M,4-Jun-2012
com.footnews.madrid,Sports,3.2M,8-Jun-2012
com.gameadu.sanelane,Racing,Varies with device,11-Jun-2012
com.pereira.analysis,Board,7.3M,17-Jun-2012
com.route4me.routeoptimizer,Maps & Navigation,Varies with device,20-Jun-2012
com.costco.app.android,Shopping,72M,21-Jun-2012
com.creditsesame,Finance,21M,28-Jun-2012
gglmobile.main,Tools,2.3M,28-Jun-2012
com.smilemelon.funfunmidiplayer,Music & Audio,3.8M,8-Jul-2012
com.ybm.sisa.com.ybm_b2b,Education,39M,8-Jul-2012
com.meraki.sm,Business,Varies with device,13-Jul-2012
ru.mail.mailapp,Communication,Varies with device,18-Jul-2012
com.jobkorea.app,Business,8.3M,19-Jul-2012
de.danoeh.antennapod,Music & Audio,8.7M,22-Jul-2012
com.ghetto.radio021,News & Magazines,1.7M,25-Jul-2012
com.contextlogic.wish,Shopping,23M,26-Jul-2012
bulat.diet.helper_ru,Health & Fitness,8.2M,1-Aug-2012
com.sedevelop.dict.engexpldict.free,Books & Reference,7.9M,2-Aug-2012
com.avl.powertrainworld,Business,16M,3-Aug-2012
com.hanatour.dotcom,Travel & Local,2.5M,6-Aug-2012
com.nhn.android.band,Social,Varies with device,7-Aug-2012
com.magzter.femina,News & Magazines,12M,8-Aug-2012
com.moviematelite,Entertainment,12M,10-Aug-2012
com.masarat.salati,Lifestyle,26M,19-Aug-2012
com.audiobooks.androidapp,Books & Reference,Varies with device,22-Aug-2012
droom.sleepIfUCan,Productivity,48M,22-Aug-2012
com.herocraft.game.kingdom.freemium,Puzzle,21M,23-Aug-2012
jp.co.toshiba.android.FlashAir,Photography,23M,27-Aug-2012
me.lyft.android,Maps & Navigation,Varies with device,28-Aug-2012
nl.sentongo.kenya_newspapers,News & Magazines,2.2M,30-Aug-2012
com.mivselltech.speedcontrol,Maps & Navigation,466k,7-Sep-2012
knsoft.co.kr.jh.samyangsa_kids,Social,7.4M,16-Sep-2012
com.bravolang.spanish,Education,21M,21-Sep-2012
com.MyIndieApp.FreeSportsRadio,Sports,5.1M,23-Sep-2012
com.singtaogroup,News & Magazines,4.1M,28-Sep-2012
com.calathea.clockwidget,Personalization,20M,29-Sep-2012
com.dexterltd.games.balloon_bow_arrow,Casual,9.3M,12-Oct-2012
com.google.android.apps.fiber,Entertainment,Varies with device,18-Oct-2012
com.balsanskar.android,Education,1.1M,1-Nov-2012
com.rcbc.mobilebanking,Finance,12M,7-Nov-2012
com.shangri_la,Travel & Local,51M,14-Nov-2012
com.scores365,Sports,17M,15-Nov-2012
es.inmobile.bolsapisos,Business,1.5M,20-Nov-2012
com.dekd.apps,Books & Reference,11M,22-Nov-2012
com.sonelli.juicessh,Communication,10M,23-Nov-2012
com.tdameritrade.mobile3,Finance,Varies with device,12-Dec-2012
com.finazzi.distquake,News & Magazines,11M,19-Dec-2012
us.com.fx01,Tools,13M,23-Dec-2012
com.bredir.boopsie.wellington,Books & Reference,4.9M,4-Jan-2013
com.wordbox.senegalRadio,Music & Audio,6.4M,9-Jan-2013
com.thecarousell.Carousell,Shopping,45M,15-Jan-2013
com.openwave.checkineasy.update,Business,7.6M,24-Jan-2013
com.moviepass.mobile,Entertainment,31M,4-Feb-2013
com.jayColber.andcarryon,Entertainment,23M,11-Feb-2013
com.mobapps.radiosbrazil,Music & Audio,5.4M,14-Feb-2013
com.spuul.android,Entertainment,14M,18-Feb-2013
tv.onsign,Business,49M,21-Feb-2013
com.andromo.dev19570.app187022,Sports,3.1M,22-Feb-2013
com.nhn.android.naverplayer,Video Players & Editors,Varies with device,24-Feb-2013
com.nvdevelopment.ref.dobavkirus.free,Books & Reference,7.9M,27-Feb-2013
com.mobileroadie.app_19118,Lifestyle,19M,27-Feb-2013
ec.push.multicines,Entertainment,11M,1-Mar-2013
com.MyIndieApp.Top40Radio,Music & Audio,5.0M,3-Mar-2013
com.ceosoftcenters.dc,Business,3.4M,5-Mar-2013
com.andromo.dev130378.app175237,Music & Audio,5.0M,11-Mar-2013
com.priceminister.buyerapp,Shopping,29M,15-Mar-2013
com.hotai.toyota.citydriver.official,Maps & Navigation,68M,20-Mar-2013
at.kaugummiautom.app,Travel & Local,2.7M,20-Mar-2013
com.lolsummoners,Entertainment,17M,22-Mar-2013
com.nvdevelopment.ref.mushroomrus.free,Books & Reference,7.9M,24-Apr-2013
com.apptec360.android.mdm,Libraries & Demo,7.9M,24-Apr-2013
com.apps2you.MOPH,Health & Fitness,8.8M,26-Apr-2013
com.kidsCountry,Puzzle,45M,26-Apr-2013
com.naissusworks.bestwidgets,Personalization,7.3M,2-May-2013
com.itrustore.ratengoods,Shopping,38M,16-May-2013
com.luaridaworks.firmatamruby,Tools,970k,17-May-2013
com.crowdcompass.app4815162342,Business,36M,17-May-2013
br.com.bibliasagrada,Books & Reference,7.4M,19-May-2013
com.buoy76.huntpredictor,Sports,37M,19-May-2013
com.memrise.android.memrisecompanion,Education,8.1M,20-May-2013
com.restorando.redo,Food & Drink,19M,21-May-2013
de.fax.customercenter,Communication,Varies with device,27-May-2013
com.duolingo,Education,Varies with device,29-May-2013
com.medallia.mobile,Business,15M,30-May-2013
com.sc.danb.scbankappkrsme,Finance,16M,9-Jun-2013
com.gpsmycity.android.u5,Travel & Local,79M,12-Jun-2013
com.ynxsoft.opdsbrowser,Books & Reference,2.9M,26-Jun-2013
com.gpsmycity.android.u376,Travel & Local,78M,7-Jul-2013
nl.rug.ubgroningenmobileapp,Education,5.5M,8-Jul-2013
com.gau.go.launcherex.theme.minimalis.anime,Personalization,3.0M,10-Jul-2013
com.gpsmycity.android.u413,Travel & Local,78M,10-Jul-2013
com.frismos.olympusgame,Casual,Varies with device,12-Jul-2013
com.devscott.holycandy,Lifestyle,23M,14-Jul-2013
com.ymkwt.android.timelinepickup,Social,2.2M,15-Jul-2013
com.zuvio.student,Education,13M,15-Jul-2013
au.com.ozsale,Lifestyle,39M,18-Jul-2013
com.google.android.apps.chromecast.app,Lifestyle,12M,18-Jul-2013
com.whatsnext,Business,4.7M,19-Jul-2013
hu.evopay,Travel & Local,Varies with device,25-Jul-2013
com.thetransitapp.droid,Maps & Navigation,Varies with device,29-Jul-2013
com.andromo.dev137436.app228957,Music & Audio,3.1M,30-Jul-2013
th.ac.bu.mobile,Education,4.9M,1-Aug-2013
net.parentlink.oakes,Education,28M,2-Aug-2013
net.parentlink.westplains,Education,28M,7-Aug-2013
com.flowdock.jorge,Business,22M,9-Aug-2013
com.studium.anid.app,Productivity,4.0M,12-Aug-2013
com.fbenslim.radiositalia,Music & Audio,5.3M,14-Aug-2013
com.freshout.v2.mideastunes,Music & Audio,6.6M,15-Aug-2013
com.manageengine.admp,Business,3.3M,19-Aug-2013
net.peakgames.mobile.android.tavlaplus.android,Board,29M,20-Aug-2013
com.stva,Maps & Navigation,Varies with device,21-Aug-2013
pl.lot.mobile,Travel & Local,9.2M,21-Aug-2013
com.gau.go.launcherex.theme.tossysway.fourinone,Personalization,2.9M,22-Aug-2013
com.alleysoft.horariosurquiza,Maps & Navigation,428k,31-Aug-2013
eu.akting.runloc,Sports,3.1M,3-Sep-2013
jp.pioneer.avsoft.android.icontrolav2012,Entertainment,9.9M,4-Sep-2013
com.andromo.dev137436.app238949,Music & Audio,5.1M,5-Sep-2013
com.location.zealalerts,Lifestyle,2.6M,6-Sep-2013
com.megaplex,Entertainment,33M,9-Sep-2013
com.josapps.adventurechurch,Entertainment,14M,10-Sep-2013
com.reserveout.android,Lifestyle,21M,15-Sep-2013
com.ashokProjects.typePunjabi,Tools,4.1M,15-Sep-2013
ua.tickets.gd,Travel & Local,23M,17-Sep-2013
com.theentertainerme.entertainer,Lifestyle,55M,18-Sep-2013
be.kulapp.mobile,Education,11M,18-Sep-2013
com.auco.android,Business,31M,20-Sep-2013
com.tawqea.tawqea,Productivity,3.7M,22-Sep-2013
jp.ddo.pigsty.HabitBrowser,Communication,3.7M,23-Sep-2013
com.funeasylearn.english,Education,55M,29-Sep-2013
com.radio.helloworld,Music & Audio,5.9M,1-Oct-2013
com.midasplayer.apps.papapearsaga,Casual,50M,8-Oct-2013
com.clsa,Communication,14M,9-Oct-2013
com.andromo.dev137436.app246742,Music & Audio,3.5M,10-Oct-2013
com.distinctivegames.longboard,Sports,22M,16-Oct-2013
la.blend.android,Social,33M,18-Oct-2013
com.andromo.dev137436.app249249,Music & Audio,4.0M,20-Oct-2013
com.riatech.dessertrecipes,Food & Drink,5.5M,24-Oct-2013
com.magzter.tekstyle,Lifestyle,12M,28-Oct-2013
com.GoFundMe.GoFundMe,Social,37M,29-Oct-2013
com.bestapproach.midsouthclub,Sports,36M,29-Oct-2013
ie.slice.mylottosa,News & Magazines,15M,30-Oct-2013
ro.udevoffice.app7card,Health & Fitness,16M,31-Oct-2013
com.bigleapstudios.christmaswondersfree,Puzzle,27M,31-Oct-2013
com.itanyplace.nigarianradio,Music & Audio,5.9M,13-Nov-2013
com.andromo.dev137436.app254584,Music & Audio,3.3M,14-Nov-2013
nl.efteling.android,Travel & Local,76M,16-Nov-2013
com.ingree.cwwebsite,News & Magazines,40M,18-Nov-2013
com.skoolbag.middleparkk,Education,4.1M,21-Nov-2013
com.skoolbag.stanthonysedwardstown,Education,4.1M,21-Nov-2013
com.mobispector.endo.app,Education,44M,22-Nov-2013
com.wishafriend.messages,Social,19M,22-Nov-2013
b1.mobile.android,Business,2.9M,26-Nov-2013
co.thefabulous.app,Health & Fitness,36M,29-Nov-2013
com.dena.mj,Comics,14M,3-Dec-2013
com.msvdevelopment.enpl.free,Books & Reference,7.9M,5-Dec-2013
com.msvdevelopment.estonfin.free,Books & Reference,7.9M,6-Dec-2013
com.ncsoft.android.buff,Comics,16M,9-Dec-2013
net.lobant.shansonkiev.listenlive,Entertainment,2.3M,18-Dec-2013
com.shark.taxi.client,Travel & Local,5.6M,18-Dec-2013
com.appsvision.ligneetbeaute,Health & Fitness,17M,19-Dec-2013
com.whiture.apps.tamil.ramayanam,Books & Reference,6.0M,21-Dec-2013
com.lechneralexander.privatebrowser,Tools,1.6M,22-Dec-2013
vcam.dk.AustraliaNewspapers,News & Magazines,3.3M,31-Dec-2013
com.sonxeber,News & Magazines,Varies with device,1-Jan-2014
biz.bizsolution.khmerlibrary,Education,16M,1-Jan-2014
th.sunshineapps.funniestjokes,Entertainment,5.6M,2-Jan-2014
com.sharon.o4o4,News & Magazines,7.4M,5-Jan-2014
com.perfect.player,Video Players & Editors,12M,5-Jan-2014
com.zetty.podenglish,Education,7.1M,7-Jan-2014
me.parlor,Social,25M,10-Jan-2014
cz.guardys.android.autodohled,Tools,1.7M,15-Jan-2014
com.altab.videoloop,Entertainment,924k,15-Jan-2014
com.quelaba.sopaletras,Word,2.2M,15-Jan-2014
com.imore.app,News & Magazines,15M,16-Jan-2014
app.vumobile.banglabeats.global,Music & Audio,6.5M,16-Jan-2014
com.astro.netway_n,Lifestyle,8.5M,16-Jan-2014
com.binary.binarysmartview,Productivity,6.9M,21-Jan-2014
com.glow.android,Health & Fitness,13M,23-Jan-2014
com.menaitech.android.mename,Business,20M,24-Jan-2014
sixclk.newpiki,Entertainment,31M,26-Jan-2014
pro_fusion.p_mobile,Productivity,3.0M,28-Jan-2014
com.koranto.mkmn,Lifestyle,8.8M,28-Jan-2014
com.whclife.whcandroid,Lifestyle,19M,31-Jan-2014
com.pozitron.pegasus,Travel & Local,43M,31-Jan-2014
com.andromo.dev276263.app268562,Music & Audio,4.5M,31-Jan-2014
com.learnforfree.german.alphabet,Education,1.8M,3-Feb-2014
uk.co.gemtv,Shopping,Varies with device,5-Feb-2014
uk.co.pilllogger,Medical,7.4M,8-Feb-2014
com.numbuster.android,Communication,29M,10-Feb-2014
com.grekomania,Travel & Local,6.0M,11-Feb-2014
com.thomsonreuters.reuters,News & Magazines,29M,21-Feb-2014
com.appbasic.celltracker,Productivity,3.5M,25-Feb-2014
com.f1calendar,Sports,5.7M,25-Feb-2014
com.worldnewsnow4alead.app,News & Magazines,5.1M,27-Feb-2014
com.bokapp.quizpatente,Education,30M,28-Feb-2014
emobits.erniesoft.nl,Business,20M,3-Mar-2014
ru.loveplanet.app,Dating,26M,5-Mar-2014
net.startguides.startguides_android.viewer,Books & Reference,3.5M,6-Mar-2014
com.novelmatrix.lightmonitor,Tools,3.2M,6-Mar-2014
com.instantbits.cast.webvideo,Video Players & Editors,Varies with device,7-Mar-2014
com.TermeDellaFratta,Health & Fitness,18M,11-Mar-2014
com.ehyundai.mobile,Lifestyle,9.2M,11-Mar-2014
com.jloser.hotelclick,Travel & Local,4.9M,12-Mar-2014
com.lavoiedroite,Education,8.4M,13-Mar-2014
com.amsapps.quraneaoudshuraim,Music & Audio,3.6M,13-Mar-2014
com.igg.clashoflords2,Strategy,102M,13-Mar-2014
com.dblpartners.dynamicpath.main_f,Education,7.3M,14-Mar-2014
com.miradascruzadas18,Education,7.1M,18-Mar-2014
com.dakarmusique.radiodm,Music & Audio,6.5M,24-Mar-2014
net.vitapulse.demo,Health & Fitness,11M,25-Mar-2014
com.overvyoo.client,Business,18M,26-Mar-2014
com.spartacoders.eatsafe,Health & Fitness,3.2M,31-Mar-2014
com.andromeda.truefishing,Simulation,25M,1-Apr-2014
com.magzter.society,Lifestyle,9.7M,3-Apr-2014
com.huawei.hwebgappstore,Business,37M,9-Apr-2014
infoshell.azbo,Travel & Local,9.2M,9-Apr-2014
com.chownow.yellowfish,Food & Drink,17M,11-Apr-2014
com.goldenfrog.cyphr,Communication,12M,11-Apr-2014
com.sohmware.invoice,Business,Varies with device,15-Apr-2014
com.cloudspeaker.glenwood,Education,11M,17-Apr-2014
com.netcosports.andwec,Sports,49M,17-Apr-2014
com.SandJ.zeagleEye,Business,2.3M,23-Apr-2014
com.appg.golfmon,Sports,6.3M,28-Apr-2014
com.magzter.jesusyouthinternationalnewsletter,Lifestyle,9.6M,29-Apr-2014
com.google.android.apps.docs.editors.sheets,Productivity,Varies with device,30-Apr-2014
com.radyofenomen,Music & Audio,5.9M,30-Apr-2014
kr.e777.daeriya.DAERI9190000,Maps & Navigation,9.9M,30-Apr-2014
com.andromo.dev230101.app298737,Music & Audio,5.6M,5-May-2014
com.myntra.android,Shopping,Varies with device,7-May-2014
com.embiq.kujawskopomorskie.aplikacjeparki,Travel & Local,63M,8-May-2014
com.batsharing.android,Maps & Navigation,Varies with device,11-May-2014
com.faadooengineers.free_totalqualitymanagementtqm,Education,7.7M,12-May-2014
com.jeunesseglobal.JMobile,Business,15M,12-May-2014
ru.vddevelopment.ref.lovehoroscopebliz.free,Lifestyle,8.6M,17-May-2014
com.icpgroupcompanies.tacticson,Books & Reference,15M,18-May-2014
com.appsvision.namaste,Business,25M,20-May-2014
com.zerodesktop.appdetox.dinnertimeplus,Lifestyle,14M,30-May-2014
to.go,Business,48M,2-Jun-2014
com.magzter.jademagazine,Lifestyle,12M,2-Jun-2014
com.brixzen.cuacagempaid,Weather,2.5M,3-Jun-2014
com.mijori.unlimited2048,Puzzle,1.8M,4-Jun-2014
com.SudzDev.GAORLite,Music & Audio,3.4M,13-Jun-2014
net.parentlink.vusd,Education,28M,16-Jun-2014
com.nfc.labeltracking,Shopping,453k,17-Jun-2014
com.nuheat.app,Lifestyle,2.7M,19-Jun-2014
kinerja.kinerjapay,Shopping,11M,22-Jun-2014
com.stavigilmonitoring,Business,8.0M,24-Jun-2014
com.andromo.dev315366.app308140,Music & Audio,2.9M,24-Jun-2014
com.jaraxa.todocoleccion,Shopping,12M,24-Jun-2014
com.emacberry.gpslogger,Health & Fitness,9.2M,26-Jun-2014
com.andromo.dev315366.app308174,Music & Audio,3.3M,28-Jun-2014
com.smartworld.facechanger,Photography,16M,28-Jun-2014
com.droidchan,Entertainment,12M,28-Jun-2014
com.hassanhamid.SeriesOfDumbDeaths,Casual,25M,30-Jun-2014
uk.co.humboldt.MAC.glReader,Tools,5.8M,2-Jul-2014
com.appsvision.zazencoiffure,Lifestyle,20M,3-Jul-2014
com.fineapptech.owl,Health & Fitness,14M,6-Jul-2014
es.perception.verba7,Word,4.8M,6-Jul-2014
com.kiosk4apps.funnyimages,Entertainment,5.1M,6-Jul-2014
com.reloadapp.reload,Shopping,5.2M,8-Jul-2014
com.faapps.manassik_alhaj,Music & Audio,3.4M,8-Jul-2014
com.arabpcom.palestine,News & Magazines,5.3M,9-Jul-2014
com.schneidathon,Social,32M,10-Jul-2014
com.faapps.shuraim,Music & Audio,3.6M,10-Jul-2014
lertek.instalador,Productivity,1.1M,10-Jul-2014
com.oskofeya.app,Social,20M,12-Jul-2014
com.ayatul.kursi.verse.of.throne,Music & Audio,4.3M,13-Jul-2014
com.surah.quran.terjemahan,Music & Audio,5.4M,13-Jul-2014
com.dreamstime.lite,Photography,24M,14-Jul-2014
com.natarajan.drapjabdulkalam,Education,Varies with device,15-Jul-2014
com.sdelanounas.sdelanounas,News & Magazines,1.6M,19-Jul-2014
com.bigleapstudios.cabininthewoodsfree,Puzzle,50M,21-Jul-2014
com.desertstorm.recipebook.frenchbook,Food & Drink,11M,21-Jul-2014
com.scholastic.bookwizard.mobile,Education,6.7M,21-Jul-2014
com.bigleapstudios.merrychristmasfree,Puzzle,19M,22-Jul-2014
ru.vddevelopment.ref.enhten.free,Books & Reference,8.6M,27-Jul-2014
com.elterntipps.application,Lifestyle,4.8M,28-Jul-2014
net.ebt.appswitch,Productivity,Varies with device,30-Jul-2014
jp.co.skylark.app.gusto,Food & Drink,14M,30-Jul-2014
com.wooribank.pot.smart,Finance,23M,31-Jul-2014
ru.vddevelopment.ref.ennven.free,Books & Reference,8.6M,1-Aug-2014
com.bigleapstudios.gatewayfree,Puzzle,25M,2-Aug-2014
com.tm.mms.TeleMessageClientApp,Business,40M,4-Aug-2014
com.dimitrihk.atc.bookstore,Books & Reference,62M,4-Aug-2014
com.stockwall.android,Finance,19M,5-Aug-2014
net.devmain.callblock,Communication,3.3M,10-Aug-2014
com.netpresenter.corporate,Communication,13M,15-Aug-2014
com.karma.robojumpfree,Board,5.7M,21-Aug-2014
kr.co.openit.bpdiary,Medical,10M,22-Aug-2014
fliptech.albaniafmworld,Music & Audio,4.2M,24-Aug-2014
com.ranosys.createappv1.grace_hoe,Business,5.5M,29-Aug-2014
com.AYC.canalguide,Travel & Local,3.0M,29-Aug-2014
com.cancaonova.liturgia,Books & Reference,3.8M,5-Sep-2014
fr.youpli.interartisans,Shopping,1.9M,5-Sep-2014
com.hdma.booksmart,Education,9.1M,8-Sep-2014
com.bluemoonscience.quickweatherwidget,Weather,2.4M,12-Sep-2014
com.magzter.closeuprunwayparis,Lifestyle,12M,12-Sep-2014
br.com.tagpoint,Shopping,23M,17-Sep-2014
com.dev.ruvindho_restaurant.app,Business,5.6M,18-Sep-2014
speedy.saloon,Entertainment,7.0M,18-Sep-2014
ru.vddevelopment.ref.enhuen.free,Books & Reference,8.6M,20-Sep-2014
com.nissan.alldriverguide,Maps & Navigation,40M,24-Sep-2014
com.crowdcompass.appklIPj0IBJv,Business,50M,29-Sep-2014
com.josapps.overflowdfw,Productivity,27M,29-Sep-2014
net.lobant.radioiran.listenlive,Entertainment,2.3M,30-Sep-2014
net.parentlink.tufsd,Education,25M,1-Oct-2014
ak.detaysoft.migros,Shopping,21M,2-Oct-2014
com.sai.android.clbankexamprep,Education,8.9M,3-Oct-2014
ru.omdevelopment.ref.quranpolish.free,Books & Reference,8.6M,4-Oct-2014
reactivephone.msearch,Communication,8.3M,8-Oct-2014
com.diycandleholderideaslaland,Lifestyle,3.2M,8-Oct-2014
com.axumtechnologies.jambite,Education,10M,14-Oct-2014
no.copro.rest.deviation,Productivity,1.8M,21-Oct-2014
cz.impire.bakalari.student,Education,7.6M,22-Oct-2014
com.gau.go.launcherex.theme.pululugolaunchertheme.gcmygi.sivtdm.advanced,Personalization,4.5M,23-Oct-2014
com.bigleapstudios.free_hidden_object_games_photo_studio,Puzzle,25M,26-Oct-2014
com.officeon_b,Communication,7.9M,27-Oct-2014
com.beetlesoft.pulsometer,Health & Fitness,7.8M,28-Oct-2014
org.ornithopedia.Europe,Education,36M,31-Oct-2014
com.bigleapstudios.free_hidden_object_games_RV,Puzzle,25M,31-Oct-2014
com.mediamarktsaturn,Shopping,20M,31-Oct-2014
com.sixt.londoncab,Travel & Local,30M,2-Nov-2014
co.bitx.android.wallet,Finance,10M,2-Nov-2014
com.ui.LapseIt,Video Players & Editors,6.9M,6-Nov-2014
com.doctella.doc,Medical,72M,8-Nov-2014
com.rsp974.recettes,Lifestyle,2.9M,11-Nov-2014
com.diningcode,Food & Drink,13M,14-Nov-2014
com.improve_future.yourplace,Travel & Local,3.8M,17-Nov-2014
com.constanttherapy.android.main,Health & Fitness,15M,17-Nov-2014
com.andromo.dev354518.app333371,Lifestyle,5.1M,19-Nov-2014
com.outerinfinity.slimerunner,Arcade,12M,21-Nov-2014
com.tanacitysoftware.walkway,Travel & Local,2.8M,22-Nov-2014
com.metosphere.musicfree,Video Players & Editors,Varies with device,26-Nov-2014
com.josapps.redemptionmd,Productivity,16M,26-Nov-2014
com.sundaystream.MaranathaLaurel,Lifestyle,819k,27-Nov-2014
com.s2dio.automath,Education,67M,29-Nov-2014
com.th.wiseword,Communication,8.9M,1-Dec-2014
com.chris.tholotis,Personalization,1.9M,2-Dec-2014
sothea.biz.khmerdailyfortune,Lifestyle,2.8M,4-Dec-2014
com.prime.studio.apps.route.finder.map,Maps & Navigation,8.5M,7-Dec-2014
com.konyonta.alam,Lifestyle,4.1M,8-Dec-2014
com.moon.android.irangstory,Parenting,6.9M,11-Dec-2014
com.dizdarevic.kadcemibus,Maps & Navigation,7.4M,12-Dec-2014
com.thdev.baby1,Social,9.4M,14-Dec-2014
tw.clotai.easyreader,Books & Reference,6.5M,17-Dec-2014
com.mrt.ducati,Travel & Local,8.2M,23-Dec-2014
free.find.difference8,Casual,36M,25-Dec-2014
com.taxi.call.calltaxi,Books & Reference,2.0M,4-Jan-2015
com.sharefaith.sfchurchapp_4a731ff59f327787,Lifestyle,8.4M,5-Jan-2015
com.wtkc.player,Music & Audio,2.1M,9-Jan-2015
com.SparwCreation.CarnivalShoter,Arcade,19M,13-Jan-2015
com.sharefaith.sfchurchapp_c9f29b54cce6921e,Lifestyle,21M,15-Jan-2015
com.wCMAIAssociationofIndia,Business,596k,16-Jan-2015
com.delhi.metro.dtc,Maps & Navigation,6.4M,17-Jan-2015
com.sharefaith.sfchurchapp_227be96d898e5809,Lifestyle,21M,19-Jan-2015
com.bizzby.app,Lifestyle,20M,21-Jan-2015
com.sharefaith.sfchurchapp_52f92b4b09f089df,Lifestyle,14M,22-Jan-2015
jp.mapp.zescape2,Adventure,1.2M,23-Jan-2015
app.movecaptain,Lifestyle,6.7M,28-Jan-2015
br.com.guiabolso,Finance,Varies with device,30-Jan-2015
com.rockwellcollins.venue.cabinremote,Travel & Local,23M,31-Jan-2015
jp.mapp.qnige,Puzzle,1.3M,2-Feb-2015
it.costasoft.Bartoccini,Lifestyle,14M,4-Feb-2015
com.socialchorus.advodroid,Business,19M,5-Feb-2015
com.easemytrip.android,Travel & Local,14M,5-Feb-2015
com.kerio.samepage,Productivity,7.8M,5-Feb-2015
sb.wwyp,Casual,6.8M,5-Feb-2015
com.jenshen.deberz2,Card,8.9M,6-Feb-2015
com.thenextc.moabebe,Medical,12M,9-Feb-2015
org.familysearch.mobile.memories,Books & Reference,11M,11-Feb-2015
com.robertobracaglia.superenalotto,Entertainment,5.3M,11-Feb-2015
com.brodski.android.jobfinder,Business,7.2M,11-Feb-2015
com.compzets.shopmate,Shopping,5.2M,16-Feb-2015
de.apptitan.mobileapi.at7oxp,Lifestyle,5.7M,18-Feb-2015
tntstudio.supercompass,Tools,2.8M,20-Feb-2015
com.oilpricetool,Finance,12M,21-Feb-2015
com.isoft.itc,Travel & Local,2.8M,24-Feb-2015
gameguild.great.jump,Arcade,8.1M,28-Feb-2015
com.almondstudio.animalquiz,Trivia,19M,3-Mar-2015
com.makeshop.powerapp.angelyo,Shopping,3.9M,5-Mar-2015
com.monkeyapps.orgplaynewss,Music & Audio,6.5M,6-Mar-2015
com.sharefaith.sfchurchapp_83dd0794a2fa8a46,Lifestyle,6.6M,6-Mar-2015
com.tehnicomsolutions.priboj.app,News & Magazines,4.8M,9-Mar-2015
fr.apprize.descoquins,Lifestyle,11M,10-Mar-2015
com.pixelmags.reader.managed.pacific_basin_mana_magazine,Lifestyle,4.2M,11-Mar-2015
kr.tj.tjsmartplay,Entertainment,29M,18-Mar-2015
ru.yandex.fines,Finance,9.6M,19-Mar-2015
com.threefiveeight.addagatekeeper,Tools,5.7M,21-Mar-2015
com.humbergsoftware.musicbox.androidapp,Music & Audio,1.3M,21-Mar-2015
com.despdev.silver_and_gold_price_calc,Finance,6.9M,22-Mar-2015
de.nullzwoapps.fortuna1895,Sports,13M,22-Mar-2015
com.sharefaith.sfchurchapp_2bf88ada60c42a2e,Lifestyle,15M,7-Apr-2015
com.ipocketapps.indian.girls.calling,Productivity,25M,7-Apr-2015
com.PatioDesignIdeas.devOscar.app,Lifestyle,18M,8-Apr-2015
com.apsynthe,Lifestyle,4.4M,14-Apr-2015
com.internetbrands.android.autocomm,Entertainment,4.8M,15-Apr-2015
com.devengine.paladin.coinafrique,Shopping,12M,15-Apr-2015
com.khyun.weather,Weather,3.2M,15-Apr-2015
ma.bac.bacmarocblanc,Education,4.1M,17-Apr-2015
com.thahaseen.tradly,Lifestyle,6.4M,19-Apr-2015
competent.groove.feetport,Business,20M,20-Apr-2015
com.gotandem.wllift247,Lifestyle,6.9M,20-Apr-2015
com.elgorje.deyouth,Entertainment,4.1M,20-Apr-2015
com.svsgames.orderup,Casual,11M,21-Apr-2015
com.makeshop.powerapp.candycolour,Shopping,3.9M,22-Apr-2015
com.magv.mzplus,News & Magazines,8.1M,23-Apr-2015
com.wxrc.player,Music & Audio,2.5M,28-Apr-2015
com.andromo.dev331820.app400673,News & Magazines,4.6M,29-Apr-2015
com.jb.gokeyboard.theme.bat.samsunggalaxyblackkeyboard,Personalization,9.0M,29-Apr-2015
com.mobileromania.petrecere,Entertainment,4.4M,30-Apr-2015
com.powergroupbd.geopoweralert,Tools,4.5M,3-May-2015
com.app403398.Oldies.Radio,Music & Audio,7.0M,5-May-2015
com.sharefaith.sfchurchapp_f8be274cadf62ba2,Lifestyle,8.9M,8-May-2015
pehu.ballz,Casual,793k,9-May-2015
com.reverllc.rever,Maps & Navigation,26M,13-May-2015
jti.starpartner,Business,8.4M,14-May-2015
simosoftprojects.matrixlivewallpaper,Personalization,863k,15-May-2015
com.mav.thermo,Lifestyle,25M,15-May-2015
cm.nganze.madao,Business,4.8M,17-May-2015
org.thunderdog.challegram,Social,Varies with device,20-May-2015
com.livestrong.tracker,Health & Fitness,22M,20-May-2015
videosgraciososparawhatsapp.bebesdivertidos.funnybaby,Entertainment,5.5M,24-May-2015
com.itw.employeeofthemonth,Lifestyle,2.7M,26-May-2015
com.compunetix.vsd.companion,Business,14M,27-May-2015
com.andromo.dev341420.app409235,Music & Audio,94M,29-May-2015
com.cksgames.Beautiful_Worm,Arcade,16M,30-May-2015
com.cksgames.Black_Bearies,Puzzle,15M,30-May-2015
com.KitchenDecor.devoscar.app,Lifestyle,13M,10-Jun-2015
com.hyilmaz.hearts,Card,20M,12-Jun-2015
br.com.as2.cartaobomdia,Lifestyle,11M,15-Jun-2015
com.wHotelspricesCameroonbytritogocom,Travel & Local,4.1M,15-Jun-2015
com.Cultural.Collections,Travel & Local,11M,21-Jun-2015
com.appsvision.yousmokecigaretteelectronique,Lifestyle,28M,23-Jun-2015
com.devoneerindia.lawyercasediary,Productivity,3.1M,28-Jun-2015
com.salk.mycircadianclock,Health & Fitness,21M,30-Jun-2015
com.makeshop.powerapp.lya6214,Shopping,3.9M,1-Jul-2015
com.ketchapp.escape,Action,43M,1-Jul-2015
com.aisle.app,Lifestyle,7.6M,2-Jul-2015
com.SmallKitchenIdeas.devoscar.app,Lifestyle,10M,9-Jul-2015
kr.eggbun.eggconvo,Education,40M,14-Jul-2015
me.ccrama.redditslide,News & Magazines,12M,16-Jul-2015
com.bluenmobile.club,Travel & Local,3.3M,17-Jul-2015
com.fixture.laliga,Sports,8.6M,22-Jul-2015
com.grouse.dr_bill,Medical,12M,24-Jul-2015
com.cengage.mobile.mindtap,Education,25M,24-Jul-2015
com.gotandem.wlcorcorancommunitychurch,Lifestyle,6.8M,31-Jul-2015
com.crioltech.roulette,Entertainment,4.4M,2-Aug-2015
com.kennel.trial,Productivity,3.6M,2-Aug-2015
in.cipt.paddydss,Education,6.1M,3-Aug-2015
com.genius.android,Music & Audio,Varies with device,4-Aug-2015
com.mobiquel.fabink,News & Magazines,4.1M,4-Aug-2015
us.pacourts.docket,Books & Reference,9.6M,5-Aug-2015
com.orgware.stafftrackidon,Education,10M,10-Aug-2015
rti.business,Finance,3.7M,18-Aug-2015
com.infoland.c_plus_plus_programming,Education,4.0M,18-Aug-2015
com.megatris.personalcloud,Productivity,2.8M,19-Aug-2015
com.gorodok.mobile,Business,7.4M,19-Aug-2015
com.kqtc.player,Music & Audio,2.0M,20-Aug-2015
kt.kentom.spooky_house_of_cute_monsters,Arcade,8.1M,21-Aug-2015
com.kidslox.app,Tools,13M,21-Aug-2015
com.sharefaith.sfchurchapp_31b10b5bbeb68a21,Lifestyle,18M,24-Aug-2015
com.newsdistill.mobile,News & Magazines,18M,27-Aug-2015
com.malayalamapp.plingapp,Social,4.9M,27-Aug-2015
com.Cronotek.FutureSoccer,Sports,23M,28-Aug-2015
com.myinnos.pawankalyan,Entertainment,7.0M,28-Aug-2015
tr.com.obss.mobile.android.okey51,Board,18M,29-Aug-2015
com.mmi.customer_care,Business,2.7M,31-Aug-2015
khiemnd5.com.spotlightenglish,Education,Varies with device,2-Sep-2015
com.talkhome,Communication,15M,3-Sep-2015
com.maltaapps.gharelutotkay,Education,8.6M,7-Sep-2015
com.sarbsukh.Logic,Puzzle,15M,9-Sep-2015
com.samouapps.lustige.witze.joke,Entertainment,3.5M,9-Sep-2015
com.lbi.picsolve,Photography,4.2M,10-Sep-2015
net.andromo.dev260045.app434369,News & Magazines,4.4M,18-Sep-2015
com.app_movement.geolocation.breastfeed_proudly,Lifestyle,4.1M,19-Sep-2015
stokkur.figo.android,Finance,40M,20-Sep-2015
it.sapienzaapps.seismocloud,Tools,5.2M,23-Sep-2015
com.sharefaith.sfchurchapp_cf2073706c4cfc59,Lifestyle,11M,23-Sep-2015
net.andromo.dev260045.app435462,Entertainment,6.1M,27-Sep-2015
innmov.babymanager,Parenting,23M,28-Sep-2015
com.sugardaddydating.sugard,Social,6.7M,29-Sep-2015
mse.mn.mnstocks,Finance,1.2M,29-Sep-2015
org.newseum.frontpages,News & Magazines,8.1M,29-Sep-2015
com.geeckoltd.apps.tfixspot,Maps & Navigation,3.4M,30-Sep-2015
com.wLaDomenicaPopJukeBox1,Music & Audio,14M,1-Oct-2015
com.mobify.timesmusic.top_ghulam_ali_hits,Entertainment,6.8M,1-Oct-2015
com.apps.PhotoGramFree,Photography,942k,5-Oct-2015
com.nos_network.popandcorn_batt,Personalization,2.2M,6-Oct-2015
com.myservicedepot.fleetpractice,Productivity,23M,9-Oct-2015
com.kkings.cinematics,Entertainment,7.7M,9-Oct-2015
com.crone.skinsforgirls,Tools,5.5M,10-Oct-2015
com.newsdog,News & Magazines,5.2M,12-Oct-2015
com.leeway.school,Education,7.5M,13-Oct-2015
com.mijori.puzzlet,Puzzle,5.8M,14-Oct-2015
com.cyruspad.opulsa,Tools,25M,15-Oct-2015
com.garden.design.ideas.app586,Lifestyle,13M,17-Oct-2015
com.sumaiida.app,Lifestyle,13M,19-Oct-2015
com.zoho.recurit,Business,17M,19-Oct-2015
com.firefighterwallpaper.firefighterpictures.fireman.women.quotes.hero.firetruck.firehelmet.jokes.background,Entertainment,3.2M,21-Oct-2015
kr.co.ezapps.iloveddm,Shopping,35M,21-Oct-2015
com.app.pepperfry,Shopping,11M,23-Oct-2015
v2015.oasis.pilani.bits.com.home,Events,9.3M,27-Oct-2015
com.fullcontact.ledene,Communication,37M,27-Oct-2015
com.andromo.dev466637.app443381,Lifestyle,3.9M,28-Oct-2015
com.megadreamsmobile.alienimagenes,Personalization,4.6M,29-Oct-2015
cr.Crochet.Baby.Hat,Lifestyle,7.4M,31-Oct-2015
com.andromo.dev137436.app448527,Music & Audio,3.4M,3-Nov-2015
qa.MozaicGO.Android,Entertainment,28M,4-Nov-2015
com.asus.aihome,Tools,69M,5-Nov-2015
com.sonymusic.vedalam,Entertainment,5.9M,9-Nov-2015
de.schalter.losungen,Books & Reference,4.4M,10-Nov-2015
land.dict.bdnoso1.free,Books & Reference,8.2M,11-Nov-2015
its.myapps.haircolorchanger,Photography,2.6M,11-Nov-2015
com.narasimha.arati,Music & Audio,8.9M,12-Nov-2015
com.flintobox.app,Education,13M,12-Nov-2015
com.androiderapps.repentanceprayers,Lifestyle,3.1M,16-Nov-2015
com.sharefaith.sfchurchapp_1e166e12ec16a6c9,Lifestyle,16M,17-Nov-2015
com.konkh.thai_cooking,Food & Drink,4.2M,18-Nov-2015
net.photonmed.messenger,Medical,36M,18-Nov-2015
fr.gemobiles.apps.app564d34a57fb04,Maps & Navigation,6.4M,18-Nov-2015
com.wagmob.raspberrypi,Books & Reference,15M,19-Nov-2015
com.sharefaith.sfchurchapp_09a188cca7540286,Lifestyle,16M,19-Nov-2015
com.browser.donate,Communication,2.1M,20-Nov-2015
com.makeshop.powerapp.stlsnow7,Shopping,3.9M,23-Nov-2015
com.sharefaith.sfchurchapp_cd1e2859eef274d2,Lifestyle,16M,3-Dec-2015
com.bargaintechnologies.vantagecircle,Shopping,26M,4-Dec-2015
com.copperpix.valuetag,Shopping,17M,5-Dec-2015
starvinartistradio.pc,Entertainment,14M,7-Dec-2015
com.Ozuzil.DoitYourself.app1,Lifestyle,11M,8-Dec-2015
com.app.appe33f4cd7486b,Entertainment,23M,8-Dec-2015
com.currentdensity.listair,Tools,3.8M,9-Dec-2015
com.sharefaith.sfchurchapp_42b19caab5e06a9d,Lifestyle,17M,9-Dec-2015
com.schrobie.apps.mediaguide,Entertainment,13M,10-Dec-2015
com.larya.ucakbiletcomapp,Travel & Local,5.1M,10-Dec-2015
andr.eluniverso.eluniverso,News & Magazines,22M,10-Dec-2015
com.infoland.mechanics_solids_fluids,Education,3.8M,10-Dec-2015
nithra.tamilcalender,Lifestyle,11M,11-Dec-2015
com.chebdev.drumpadsguru,Music & Audio,10M,11-Dec-2015
manqeem.kitchen.design,Lifestyle,12M,12-Dec-2015
com.kokarat.jdoradic,Books & Reference,Varies with device,13-Dec-2015
com.cososys.eppclient,Tools,6.4M,14-Dec-2015
com.androiderapps.lovestories,Lifestyle,2.5M,15-Dec-2015
com.zenlabs.sevenminuteworkout,Health & Fitness,21M,15-Dec-2015
com.blackboard.community.clevelandschools,Education,28M,16-Dec-2015
jp.mapp.warsu4,Simulation,1.7M,17-Dec-2015
com.skoolbag.stbernardspsec,Education,4.1M,18-Dec-2015
com.enanyang.enews,News & Magazines,4.2M,20-Dec-2015
com.idea4mobile.projects.kipu,Books & Reference,21M,21-Dec-2015
com.briniclemobile.wibeetalk,Communication,52M,23-Dec-2015
com.appschild.surahalbaqarah,Video Players & Editors,92M,24-Dec-2015
com.mobicule.thomascook.holidayapp,Travel & Local,21M,24-Dec-2015
com.makeshop.powerapp.kimsj0120,Shopping,3.9M,30-Dec-2015
com.comquas.unsplashwall,Personalization,3.6M,31-Dec-2015
com.ideiasfactory.yesorno,Casual,1.8M,2-Jan-2016
com.socialappdevfadoo.watch,Lifestyle,4.0M,2-Jan-2016
com.appsinbox.tiensindia.tianshi,Business,6.1M,3-Jan-2016
com.nckk.myanmarzodiac,Lifestyle,Varies with device,4-Jan-2016
com.kin2kin.android,Social,59M,5-Jan-2016
sathish.sjbitalumni,Education,3.0M,7-Jan-2016
com.hellofresh.androidapp,Food & Drink,22M,8-Jan-2016
com.limolabs.shuttle.customer,Maps & Navigation,10M,8-Jan-2016
com.iskcon.danakelikaumudi,Music & Audio,39M,9-Jan-2016
com.wRDSacademic,Education,691k,9-Jan-2016
com.censuspro.www.censuspro,Medical,5.4M,11-Jan-2016
com.atlasdata.sira_al_nabawiya_sawt,Music & Audio,4.8M,12-Jan-2016
jp.coocan.game.omega_point.celestialfleet,Strategy,40M,13-Jan-2016
com.apnacomplex.visitor,Tools,14M,20-Jan-2016
com.badaplus.app,Medical,26M,21-Jan-2016
com.cliqz.browser,Communication,Varies with device,22-Jan-2016
com.sharefaith.sfchurchapp_e356a12d44cb6f09,Lifestyle,5.8M,22-Jan-2016
org.museumofsciencefiction.mosf,Education,13M,23-Jan-2016
com.sharefaith.sfchurchapp_031f44f986736468,Lifestyle,6.0M,24-Jan-2016
com.sharefaith.sfchurchapp_7882ccb5edd6461f,Lifestyle,21M,24-Jan-2016
com.roth.touchline,Tools,2.0M,27-Jan-2016
com.nivo.personalaccounting,Finance,23M,27-Jan-2016
com.jnk_perfume,Business,6.4M,27-Jan-2016
com.andromeda.beinmusica,Education,5.4M,28-Jan-2016
com.appshouse.fatimagul,Business,3.8M,31-Jan-2016
com.manhattan.mobile.android.mobilewo,Business,26k,2-Feb-2016
mobi.sitevenia.devauchaux,Photography,18M,3-Feb-2016
com.butakov.psebay,Racing,45M,3-Feb-2016
com.andromo.dev513556.app469274,Music & Audio,20M,4-Feb-2016
com.igor.erkin.parserzd,Maps & Navigation,4.7M,4-Feb-2016
com.sharefaith.sfchurchapp_933c62bb46976286,Lifestyle,8.1M,4-Feb-2016
com.cuisinedecheznous,Food & Drink,9.5M,8-Feb-2016
com.samcla.scr.android,Tools,4.8M,8-Feb-2016
co.fatpenguin.sescoops,Sports,9.1M,9-Feb-2016
com.bestapproach.surprise,Sports,11M,14-Feb-2016
com.myclubz,Lifestyle,2.0M,14-Feb-2016
com.jrustonapps.myauroraforecast,Weather,7.2M,18-Feb-2016
net.andromo.dev421413.app477358,Music & Audio,3.2M,19-Feb-2016
com.melonrealized.android.oddconspiracyoftheday,Entertainment,1.3M,24-Feb-2016
org.apaophth.apaocongress,Books & Reference,46M,27-Feb-2016
liebes.Zitate.sms,Entertainment,3.3M,1-Mar-2016
kr.co.jsmediaworks.studyup,Education,34M,2-Mar-2016
com.modernizingmedicine.patientportal,Medical,36M,2-Mar-2016
com.gurtam.ordermanagement,Maps & Navigation,3.4M,2-Mar-2016
pompeia.com.br.pompia,Shopping,37M,3-Mar-2016
com.gathercultivatecountry.attack,Casual,29M,4-Mar-2016
com.alhuda.qih,Education,2.9M,7-Mar-2016
com.wolterskluwerhealth.neurotodayonline,Medical,3.4M,8-Mar-2016
si.simplabs.diet2go,Health & Fitness,5.1M,9-Mar-2016
de.egym.mobile.android,Health & Fitness,32M,15-Mar-2016
com.assignmentprime,Education,6.6M,15-Mar-2016
com.appmob.radioukraine,Music & Audio,3.2M,16-Mar-2016
com.winjit.fiftygujaratirhymes,Music & Audio,55M,17-Mar-2016
cz.tripon.froschdesign,Tools,2.9M,17-Mar-2016
com.andromo.dev516441.app485252,Music & Audio,4.0M,19-Mar-2016
com.makemedroid.key85e561e0,Music & Audio,3.8M,20-Mar-2016
com.mundonets.emisorascolombia,Music & Audio,5.3M,21-Mar-2016
com.chuchutv.android,Education,29M,26-Mar-2016
org.theotech.ceaselessandroid,Lifestyle,9.6M,27-Mar-2016
com.nextpick.weddingdresses,Lifestyle,3.7M,29-Mar-2016
com.goeshow.RIMS,Business,17M,29-Mar-2016
cz.tripon.penziontarem,Business,2.4M,30-Mar-2016
com.makeshop.powerapp.henuzy,Shopping,4.2M,30-Mar-2016
com.holmusk.glycoleap,Medical,70M,31-Mar-2016
com.phoenixxx_games.free_game,Arcade,33M,1-Apr-2016
ddt.free.icon.packs,Personalization,56M,2-Apr-2016
com.harriken,Food & Drink,7.6M,3-Apr-2016
com.helloworld.englishteacher,Education,2.5M,3-Apr-2016
net.mononz.paragon,Entertainment,3.2M,3-Apr-2016
com.emersonclimate.aebulletin,Books & Reference,30M,4-Apr-2016
com.gotandem.wlstarofhopeministries,Lifestyle,6.7M,5-Apr-2016
jp.co.shinkokeirin.smalec.ebook,Education,77M,5-Apr-2016
com.sterling.ireappro,Business,13M,6-Apr-2016
com.appsvision.eden,Lifestyle,19M,7-Apr-2016
com.wmyvagoCheapHotelsFlights,Travel & Local,3.8M,9-Apr-2016
com.Antisymetric.Magnetim,Casual,18M,11-Apr-2016
com.kmaru.kmaruSpell,Education,3.9M,11-Apr-2016
com.chawlalab,Health & Fitness,30M,11-Apr-2016
com.sharefaith.sfchurchapp_06d6714c36da08e4,Lifestyle,11M,11-Apr-2016
com.smsrobot.reminder,Medical,6.4M,12-Apr-2016
com.rccl.myrclportal,Travel & Local,61M,12-Apr-2016
jw.kang.boyidolquiz,Trivia,4.6M,12-Apr-2016
com.bredir.boopsie.brantcan,Books & Reference,4.9M,14-Apr-2016
in.hoven.ineq01,Education,1.8M,18-Apr-2016
kr.co.navcom.gaon,Productivity,54M,19-Apr-2016
com.dreamvr_01.dreamvr_01_31,Communication,4.3M,21-Apr-2016
com.taxisegurotaxista.cootranspal,Productivity,20M,22-Apr-2016
com.kdmedia.nailsdesigns,Beauty,4.6M,24-Apr-2016
in.dewneot.theindiantelegram,News & Magazines,3.4M,25-Apr-2016
com.shadevelopers.sdarcastrology,Entertainment,5.6M,26-Apr-2016
com.grandsons.dictboxxhi,Books & Reference,66M,1-May-2016
com.app.appb81b34da388d,Business,11M,2-May-2016
com.xdevel.radiostudio7bis,Music & Audio,13M,3-May-2016
profound.englishbyanandsir2,Education,4.1M,4-May-2016
com.spltrak.ma_eevent,Business,7.8M,6-May-2016
worka.biz.worka,Social,20M,6-May-2016
com.lineapplication.assistantpromotion,Finance,3.6M,7-May-2016
com.menudrive.SunriseInnExpress,Business,10.0M,9-May-2016
com.Desiree,Lifestyle,5.7M,10-May-2016
eu.trans.transexpress,Business,15M,11-May-2016
me.honeytalk.chat,Social,26M,12-May-2016
com.cgs.hollywoodstay,Business,4.8M,13-May-2016
pl.partnersinprogress.lazarskiapp,Education,2.1M,13-May-2016
com.appchance.lookmarina,Travel & Local,17M,13-May-2016
com.bitcoininc.bitcoinpay,Finance,14M,13-May-2016
com.animalwallpaper.giraffe,Personalization,4.0M,14-May-2016
net.peney.paymentpeney,Business,10M,15-May-2016
com.animalwallpaper.husky,Personalization,5.3M,16-May-2016
com.padelclick.padeltraining,Sports,3.0M,19-May-2016
com.renren.estate.android,Productivity,23M,19-May-2016
com.ronstech.onlinefmradio,Music & Audio,3.8M,20-May-2016
com.asiainno.uplive,Social,46M,20-May-2016
com.sharefaith.sfchurchapp_42866fff2d2dbe85,Lifestyle,11M,21-May-2016
com.makeshop.powerapp.gooworl,Shopping,3.9M,22-May-2016
com.tcp.theconnectplus,Education,11M,23-May-2016
com.rowsjee.simplemikeofficial,Video Players & Editors,4.0M,23-May-2016
com.frograms.wplay,Entertainment,18M,23-May-2016
org.gdgoenka.splash,Social,2.4M,25-May-2016
ru.twinerapp.twiner,Productivity,4.2M,25-May-2016
kr.co.eyeclon.blackbox,Maps & Navigation,38M,29-May-2016
hd.osworup.wallpapers,Personalization,4.2M,31-May-2016
com.photokindle.Glass.Photo.Frame,Photography,22M,4-Jun-2016
com.mobilityflow.torrent.prof,Tools,Varies with device,6-Jun-2016
com.mobitobi.android.gentlealarm,Lifestyle,Varies with device,6-Jun-2016
net.parentlink.acsa,Education,9.6M,7-Jun-2016
com.ocv.walkercountyema,Travel & Local,6.1M,9-Jun-2016
fliptech.cubafmworld,Music & Audio,Varies with device,9-Jun-2016
org.sefaria.sefaria,Books & Reference,20M,13-Jun-2016
com.sachcand.ebook,Books & Reference,14M,14-Jun-2016
com.frbrd.Short.Hairstyles,Lifestyle,9.7M,16-Jun-2016
br.com.soulsystems.soulseg,Business,4.0M,17-Jun-2016
com.akdevelopment.ref.cookrecpostrus.free,Books & Reference,7.4M,19-Jun-2016
com.akdevelopment.ref.cookrecsouprus.free,Books & Reference,7.4M,19-Jun-2016
com.IPCamLive,Tools,4.3M,20-Jun-2016
com.naushad.kenocustomer,Lifestyle,15M,21-Jun-2016
com.fmg.AudubonFinancialDesign,Finance,759k,22-Jun-2016
com.zerotozero.dhakacityweather,Weather,2.1M,22-Jun-2016
com.rentalmotorbike.rentalmotorbike,Travel & Local,22M,28-Jun-2016
com.evensi.app,Entertainment,11M,29-Jun-2016
com.androiderapps.marianmaryprayers,Lifestyle,2.7M,30-Jun-2016
com.alexto.radiosperuanasenvivogratis,Music & Audio,8.9M,5-Jul-2016
kz.twentytonn.twentytonnkz,Maps & Navigation,8.2M,5-Jul-2016
org.pph0829,Books & Reference,5.6M,6-Jul-2016
com.codemagnus.reviewapp,Education,22M,7-Jul-2016
com.spid.amplifiedradio,Entertainment,18M,8-Jul-2016
com.app.app2c2c54a2543a,Health & Fitness,41M,11-Jul-2016
com.nobleclasses,Education,4.5M,12-Jul-2016
com.chengcheng.FreeVPN,Tools,3.3M,12-Jul-2016
com.makeshop.powerapp.koreanap,Shopping,3.9M,13-Jul-2016
pl.rosmedia.totalspeedwayandroid,Sports,17M,14-Jul-2016
com.dreamofeveryone.magpiefunny,Personalization,20M,15-Jul-2016
com.looket.ode,Shopping,4.2M,18-Jul-2016
com.appwallet.photoframe3d,Photography,5.6M,19-Jul-2016
com.munhwa.rplol,Entertainment,15M,23-Jul-2016
com.radio.emisorasdehondurasenvivo,Music & Audio,5.0M,26-Jul-2016
com.andromo.dev529694.app519089,Music & Audio,6.2M,26-Jul-2016
com.dealsmash.dealsmashapp,Shopping,16M,29-Jul-2016
com.freshjuice.juicesrecipetamil,Food & Drink,5.9M,2-Aug-2016
com.siyaduroboros.gmail.ver8.app1,Entertainment,2.8M,4-Aug-2016
com.jagran.learnenglish,Education,4.6M,4-Aug-2016
com.nvssoft.RD,Business,21M,6-Aug-2016
com.ivorianfood.apps.android,Lifestyle,9.9M,8-Aug-2016
de.idowa.idowa24,News & Magazines,10M,9-Aug-2016
de.eberspaecher.easystart,Auto & Vehicles,15M,9-Aug-2016
petaz.co.kr.petaz_snac,News & Magazines,5.5M,10-Aug-2016
com.si.somnathyatra,Travel & Local,34M,12-Aug-2016
com.pixoplay.automaticcallrecorder,Tools,2.9M,13-Aug-2016
com.llerrah.christianhymnring,Entertainment,15M,13-Aug-2016
com.innovationdream.Netherlands,Music & Audio,3.9M,15-Aug-2016
com.apptegy.easthampton,Education,33M,15-Aug-2016
com.dddd.spotazores,Travel & Local,18M,17-Aug-2016
com.easy4u.scanner,Business,17M,18-Aug-2016
com.sharefaith.sfchurchapp_97d4a052810ee5d0,Lifestyle,5.0M,23-Aug-2016
com.bvovn.android.phones,Lifestyle,Varies with device,25-Aug-2016
com.develobster.ChickenNuggetMachine,Casual,32M,27-Aug-2016
moldesbrothers.miradiopt,Music & Audio,3.8M,4-Sep-2016
com.Hypnosis,Medical,Varies with device,6-Sep-2016
mobi.kamuoyu.app,News & Magazines,5.2M,7-Sep-2016
com.littlechampstalkativeparents,Education,8.6M,8-Sep-2016
com.infotalk.android.rangefinder,Sports,3.2M,11-Sep-2016
com.haufelexware.lexofficescan,Finance,9.2M,11-Sep-2016
iGGIS2.GEMEENTE86.nl,Books & Reference,2.5M,13-Sep-2016
app.itkey.com.daralber,Business,5.7M,15-Sep-2016
com.gotandem.wlkankakeefirstconnect,Lifestyle,6.8M,16-Sep-2016
com.mtrlog.journal,Auto & Vehicles,10M,18-Sep-2016
org.vimit.saransh_eschool,Education,4.8M,24-Sep-2016
com.hyxen.app.SpeedDetectorEvo,Maps & Navigation,7.8M,29-Sep-2016
com.merci.fashion,Lifestyle,6.4M,29-Sep-2016
com.khoniadev.palabrasdecumpleanos,Lifestyle,17M,30-Sep-2016
com.maciekcz.runlogcom,Sports,Varies with device,8-Oct-2016
au.edu.uq.civil.wander,Education,4.3M,13-Oct-2016
my.riki.engslovak,Books & Reference,2.7M,14-Oct-2016
com.current.affairs.today.quiz,News & Magazines,3.6M,21-Oct-2016
ar.com.develup.pasapalabra,Trivia,9.4M,21-Oct-2016
com.tigertms.cruiseconnectpager,Communication,13M,24-Oct-2016
org.mynyp.iphr,Health & Fitness,9.0M,24-Oct-2016
com.comergencecompliance.app,Business,6.8M,25-Oct-2016
com.avodigy.clearvantageugc2016,Business,16M,27-Oct-2016
com.appsvision.lecaprice,Food & Drink,21M,28-Oct-2016
com.epraiselimited.epraise,Education,4.2M,28-Oct-2016
com.github.drunlin.webappbox,Tools,3.2M,28-Oct-2016
com.mundonets.emisorasespana,Music & Audio,5.1M,29-Oct-2016
com.vardex.ahzan_latazol,Lifestyle,3.6M,3-Nov-2016
com.mobileenerlytics.estar,Tools,22M,10-Nov-2016
com.calendarpl,Productivity,6.6M,13-Nov-2016
com.dailyasianage.android,News & Magazines,4.9M,16-Nov-2016
com.canadanetworkradio.usahampshire,Music & Audio,2.8M,21-Nov-2016
com.gotandem.deerfootlodgegodlymen,Lifestyle,6.8M,21-Nov-2016
nl.mamaenzo,Health & Fitness,6.8M,21-Nov-2016
com.gotandem.wlelightenedtvw,Lifestyle,6.8M,22-Nov-2016
com.gotandem.wlfollowersofthenazarene,Lifestyle,7.1M,22-Nov-2016
xcxin.filexpert,Productivity,8.0M,22-Nov-2016
com.gotandem.williamsburgnaz,Lifestyle,6.8M,30-Nov-2016
com.MW,Travel & Local,6.3M,30-Nov-2016
com.sharefaith.sfchurchapp_30fd7c4546606950,Lifestyle,5.6M,1-Dec-2016
es.sedinfo.cplpsicologiaylenguaje,Health & Fitness,6.6M,1-Dec-2016
com.mobileanbr.cantossilvestresdepassaros,Music & Audio,65M,1-Dec-2016
com.sharefaith.sfchurchapp_f061a3399d575cc7,Lifestyle,18M,2-Dec-2016
com.stylezsoft.submarinejackII,Arcade,19M,3-Dec-2016
com.DIYShelvesIdea.dipdroid,Lifestyle,5.1M,5-Dec-2016
com.szneo.OLYMPIA,Tools,16M,6-Dec-2016
com.sharefaith.sfchurchapp_1f24c4432bda950d,Lifestyle,13M,8-Dec-2016
com.leaguedirectory.AfA,Sports,3.7M,9-Dec-2016
ammachi.bank.syamuquestion.psc.kerala.ammumma.keralapscquestionbank,Education,15M,16-Dec-2016
kr.co.dotname.app,Business,4.8M,19-Dec-2016
original.alarm.clock,Lifestyle,15M,23-Dec-2016
com.pixamark.landrule,Casual,9.9M,24-Dec-2016
secret.evolusaj.app,Entertainment,7.3M,28-Dec-2016
com.sharefaith.sfchurchapp_2bc19c1c2fbb6c33,Lifestyle,13M,28-Dec-2016
com.chaalets.chaalets,Travel & Local,19M,28-Dec-2016
com.majjane.marocaeroport,Travel & Local,25M,5-Jan-2017
com.truerecorder,Communication,12M,5-Jan-2017
pl.stermedia.orszaktrzechkroli,Books & Reference,2.6M,5-Jan-2017
com.ansami.kidsradio,Music & Audio,14M,15-Jan-2017
org.stelphone,Communication,12M,16-Jan-2017
love.photo.frames,Photography,15M,26-Jan-2017
com.goozix.antisocial_personal,Productivity,5.6M,30-Jan-2017
com.skoolbag.JJCahillMHS,Education,4.1M,31-Jan-2017
com.mapgage.fieldapp,Maps & Navigation,51M,6-Feb-2017
com.android2.calculator3,Tools,Varies with device,7-Feb-2017
knsoft.co.kr.sungsin_chu,Social,5.8M,7-Feb-2017
swmr.audiobooksaldoushuxley.pro,Books & Reference,2.7M,7-Feb-2017
com.vuze.android.remote,Tools,5.9M,8-Feb-2017
net.lobant.technobase.listenlive,Entertainment,2.3M,9-Feb-2017
com.andromo.dev391844.app583192,Music & Audio,41M,10-Feb-2017
com.andromo.dev405493.app451889,Lifestyle,3.2M,13-Feb-2017
com.teknolojimuhendisi.tarifler,Food & Drink,3.5M,13-Feb-2017
com.arhamsoft.bizcardscanner,Tools,5.6M,13-Feb-2017
br.com.aleluiah_apps.dicionario_biblico_feminino.es,Books & Reference,5.1M,15-Feb-2017
br.com.aleluiah_apps.hinario.cantor_cristao,Books & Reference,3.3M,15-Feb-2017
br.com.aleluiah_apps.hinario.novo_cantico.feminino,Books & Reference,3.3M,15-Feb-2017
com.youngarts.cidade1380am,Entertainment,3.9M,16-Feb-2017
com.stackjunction.housemusic,Music & Audio,8.2M,17-Feb-2017
com.newcenturyapps.style.girls.abaya.arabic.muslim.god.dresses.free.fashion.selfie.photo,Photography,6.5M,21-Feb-2017
com.myvodafoneapp,Productivity,Varies with device,22-Feb-2017
lk.rc07.ten_years.touchdown,Sports,7.2M,22-Feb-2017
com.invisee.btnmobilereksadana,Finance,7.2M,28-Feb-2017
com.mobile.mars.ericsson,Business,3.9M,4-Mar-2017
nl.dwain.lbalert,Maps & Navigation,7.7M,8-Mar-2017
com.voxle,Social,16M,9-Mar-2017
com.club.fnf,Personalization,6.5M,14-Mar-2017
com.bike.archiviosalite,Sports,Varies with device,15-Mar-2017
com.securenetsystems.wordfm,Music & Audio,Varies with device,15-Mar-2017
com.dgflick.albumxpress,Photography,5.7M,21-Mar-2017
com.happydev4u.hawaiianenglishtranslator,Education,2.9M,22-Mar-2017
com.xb.topnews,News & Magazines,25M,24-Mar-2017
com.tuygunsoft.allusnews,News & Magazines,4.7M,29-Mar-2017
com.languagecube.uLesson,Education,32M,30-Mar-2017
com.ramzan_apps.natain,Music & Audio,3.1M,30-Mar-2017
com.insplisity.wakeupringtones,Personalization,16M,4-Apr-2017
com.ratibnabulsi.asmaahusna,Music & Audio,3.6M,6-Apr-2017
com.apps.kansas,Business,5.7M,7-Apr-2017
com.entrevecions,Communication,11M,7-Apr-2017
com.hatak.benefit,Finance,7.1M,9-Apr-2017
com.reflexive.airportmania,Simulation,Varies with device,11-Apr-2017
com.aspireww,Travel & Local,11M,11-Apr-2017
com.bigplayschool.stolenchristmas,Puzzle,26M,15-Apr-2017
ccp.paquet,Finance,8.9M,20-Apr-2017
com.cas.airquality,Weather,1.4M,21-Apr-2017
com.wJEJELIFE_4847451,Maps & Navigation,4.3M,21-Apr-2017
com.cubesugar2014.homescreen,Entertainment,3.5M,23-Apr-2017
com.sadi.wififixer2,Tools,3.0M,23-Apr-2017
org.dumpcookie.ringdroidclone,Education,7.8M,28-Apr-2017
jp.digitallab.beginnakayama,Lifestyle,29M,2-May-2017
com.app.cgr,Business,8.6M,4-May-2017
com.aydo.sagliksen,Business,2.4M,13-May-2017
com.diamondinfolabs.tutorialsbee,Education,3.0M,16-May-2017
com.fboa.fboaface,Communication,Varies with device,16-May-2017
com.jubilee,Business,5.6M,23-May-2017
com.agile.science,Education,15M,3-Jun-2017
media.thirdday.hold_on_to_the_promises1,Lifestyle,8.4M,4-Jun-2017
musicplayer.musicapps.music.mp3player,Music & Audio,13M,9-Jun-2017
nl.bigspark.androidplanet,News & Magazines,9.3M,9-Jun-2017
com.halflystudios.textonphoto,Photography,12M,15-Jun-2017
com.bidhee.familyhealthnepal,Health & Fitness,5.3M,16-Jun-2017
com.flirtic.android,Communication,11M,21-Jun-2017
gov.nasa.jpl.spaceimages.android,Education,2.7M,21-Jun-2017
com.stackexchange.marvin,Social,8.2M,30-Jun-2017
com.NeckDesignsCuttingStitchingVideosApp,Entertainment,3.7M,2-Jul-2017
fr.photo.id.btp,Photography,5.0M,3-Jul-2017
pl.spacedigital.salezjanie,Social,5.6M,4-Jul-2017
com.yellowposters.yellowposters,Events,7.9M,6-Jul-2017
com.flspro.streetracingpassword,Personalization,5.8M,18-Jul-2017
com.meb.radios_germany,Music & Audio,9.4M,19-Jul-2017
jp.smartpush.host2,Lifestyle,2.3M,21-Jul-2017
com.finder.tolerance.tolerancefinder,Productivity,4.2M,23-Jul-2017
com.karma.keepcalmall,Social,7.2M,28-Jul-2017
com.paginasamarillas,Travel & Local,30M,31-Jul-2017
ac.mujeramujer,Music & Audio,4.1M,4-Aug-2017
dans.develop.sindservsbc,Communication,7.6M,9-Aug-2017
org.cmucreatelab.tasota.airprototype,Weather,2.5M,9-Aug-2017
com.kirtan.mela.mayapur,Books & Reference,6.7M,15-Aug-2017
gov.ca.dmv,Tools,6.0M,25-Aug-2017
uk.co.omobile.thelondonpass,Lifestyle,19M,29-Aug-2017
easyjam.footballpodcasts,Sports,5.5M,2-Sep-2017
com.whatamovie.wam,Entertainment,4.1M,3-Sep-2017
in.techplace.clearmpsc,Education,6.3M,4-Sep-2017
com.onix.wallet,Finance,6.0M,8-Sep-2017
com.myorigamies.paperplaneorigami,Entertainment,3.0M,9-Sep-2017
com.horoscope.mydailyhoroscope.mydailyhoroscope,Lifestyle,1.9M,10-Sep-2017
com.material.goutham.dquiz,Education,2.8M,10-Sep-2017
com.english.mypc.vegetablesandfruitsvocabulary,Education,16M,10-Sep-2017
co.com.appetit,Lifestyle,22M,12-Sep-2017
com.gama.supervisor,Travel & Local,9.5M,12-Sep-2017
net.parentlink.grisd,Education,25M,15-Sep-2017
net.parentlink.maplevalleyschools,Education,25M,15-Sep-2017
com.DKSquad.LeagueofLegendsItems,Entertainment,5.9M,18-Sep-2017
net.parentlink.grahamcounty,Education,25M,18-Sep-2017
com.approidzone.adannews,News & Magazines,4.5M,21-Sep-2017
net.wzmn.redalert,News & Magazines,3.3M,22-Sep-2017
com.cryptorulezz.cryptosignals,Finance,12M,22-Sep-2017
com.stylist,Lifestyle,Varies with device,23-Sep-2017
zmic.wedding.flowers,Lifestyle,21M,25-Sep-2017
com.hket.android.skypost.news,News & Magazines,841k,26-Sep-2017
com.tadawiforyou.kalam.aajabani,Lifestyle,Varies with device,26-Sep-2017
com.fmg.SouthernHeritage,Finance,811k,27-Sep-2017
com.hightail.android.spaces,Productivity,18M,29-Sep-2017
com.superstock,Business,11M,29-Sep-2017
com.prod.oroscopo.it,Entertainment,2.0M,3-Oct-2017
pstr.maker.video.reverse.com.reversevideo,Video Players & Editors,13M,3-Oct-2017
com.appytech.benefactor,Social,8.7M,7-Oct-2017
rs.lako_do_kola.rx,Auto & Vehicles,22M,9-Oct-2017
com.pointy.android,Shopping,11M,10-Oct-2017
northeast.koyeli.com.northeast4,Travel & Local,3.4M,10-Oct-2017
net.manageapps.app_109310,Lifestyle,19M,11-Oct-2017
com.proapps.cymbal.sounds,Entertainment,4.4M,14-Oct-2017
com.bigleapstudios.bakersdelightfree,Puzzle,26M,16-Oct-2017
com.oovoo,Social,34M,16-Oct-2017
kr.libertykoreaparty.app,News & Magazines,2.1M,16-Oct-2017
com.pdt.freekundli,Lifestyle,3.7M,21-Oct-2017
com.flyingcarpet,Travel & Local,6.0M,22-Oct-2017
com.bigleapstudios.peekaboofree,Puzzle,26M,23-Oct-2017
com.bigleapstudios.thekidnappedsantafree,Puzzle,25M,23-Oct-2017
jp.mapp.kunit,Simulation,3.0M,25-Oct-2017
com.icogroup.apensar,Word,71M,27-Oct-2017
com.atomic.android.baseball,Sports,23M,28-Oct-2017
me.android.raypower.tsiforafrica,Education,9.0M,31-Oct-2017
com.tct.calculator,Tools,9.4M,1-Nov-2017
com.ncr.pcr.pulse,Business,9.9M,2-Nov-2017
com.bigleapstudios.free_hidden_object_games_gone_camping,Puzzle,26M,7-Nov-2017
com.bigleapstudios.free_hidden_object_games_waiting_rooms,Puzzle,24M,7-Nov-2017
be.echantillonsgratuits,Shopping,4.6M,9-Nov-2017
py.com.mambo.dermobeauty,Beauty,5.8M,14-Nov-2017
maya.im.imovelweb,Lifestyle,8.0M,17-Nov-2017
com.planewallpaper.planepictures.airplane.aircraft.fighterplane.jet.background.images.cool.art.hd.free,Entertainment,4.9M,19-Nov-2017
com.andromo.dev235401.app406448,Business,6.7M,21-Nov-2017
com.balletwallpaper.balletpictures.balletshoes.ballerina.dance.images.funny.background.photography.art.hd.free,Entertainment,3.6M,22-Nov-2017
com.hexun.mobile,Finance,12M,22-Nov-2017
com.flourrecipetelugu.pindivantalu,Food & Drink,6.1M,30-Nov-2017
com.benqapp.suaraburungkookaburra,Music & Audio,20M,30-Nov-2017
com.Basic.Plumbing.bathroom.Vanities.Kitchen.Faucet,House & Home,3.5M,2-Dec-2017
com.apptegy.greatoaks,Education,16M,4-Dec-2017
net.touchsf.megatur.taxista,Travel & Local,16M,6-Dec-2017
com.servientrega.barcodes,Maps & Navigation,7.1M,7-Dec-2017
com.thefactorout.vladimirfomene.i_police,Tools,2.7M,12-Dec-2017
secret.hide.calculator,Video Players & Editors,6.4M,14-Dec-2017
com.agoraauctions.android,Business,3.0M,16-Dec-2017
com.hp.latextogo,Productivity,5.0M,19-Dec-2017
com.infominez.academia,Education,7.1M,19-Dec-2017
com.tencent.qqpim,Tools,11M,19-Dec-2017
com.cloud_inside.mobile.glosbedictionary.csuk,Education,2.4M,21-Dec-2017
com.coronation.touryatra,Travel & Local,12M,22-Dec-2017
com.amsapps.quranyassinealjazairi,Music & Audio,3.3M,27-Dec-2017
com.empiere.hostel,Education,4.6M,27-Dec-2017
com.andromo.dev598876.app721417,Music & Audio,27M,30-Dec-2017
com.andromo.dev500567.app456662,Music & Audio,5.3M,1-Jan-2018
com.newsinternet.australianews,News & Magazines,3.1M,3-Jan-2018
phototool.app.photosketch,Photography,5.9M,4-Jan-2018
com.mobusi.linternapotenteconsonidosemergencia,Productivity,12M,5-Jan-2018
org.bible.remember_me,EducationEducation,5.8M,6-Jan-2018
ru.taximaster.www,Business,7.9M,9-Jan-2018
com.thecvsi.tactictrainer,Educational,15M,10-Jan-2018
com.dumainteractiva.cabildo,Lifestyle,3.0M,12-Jan-2018
com.cyerol.sonbolum.sonbolum,Productivity,3.8M,15-Jan-2018
com.dejami.WedPics,Social,36M,15-Jan-2018
com.easy.alligator,Finance,8.6M,15-Jan-2018
com.jbbros.jbbros,Business,2.7M,17-Jan-2018
bulb.wooparoo,Casual,10M,19-Jan-2018
com.e6bapps.ganalytics,Productivity,Varies with device,22-Jan-2018
com.sochat,Communication,24M,23-Jan-2018
com.wedup.nicoledecastro,Photography,11M,23-Jan-2018
free.find.difference15,Puzzle,37M,23-Jan-2018
com.biometrika.personal.componentenotificacion,Productivity,3.9M,30-Jan-2018
ch.barfi.barfi,News & Magazines,7.3M,31-Jan-2018
com.jccchurch,Communication,18M,1-Feb-2018
com.woqu.attendance,Productivity,Varies with device,7-Feb-2018
wiki.kvkozyrev.org.fheroes2t800,Strategy,21M,7-Feb-2018
com.windmill.asap,Tools,Varies with device,10-Feb-2018
com.rasha.lafhegab,Lifestyle,5.4M,11-Feb-2018
com.bigleapstudios.atthelibraryfree,Puzzle,19M,14-Feb-2018
com.carpros,Auto & Vehicles,9.2M,15-Feb-2018
com.andromo.dev130378.app175206,Entertainment,7.0M,18-Feb-2018
com.teixido.Hoy,News & Magazines,5.2M,21-Feb-2018
com.eastenanimation,Photography,45M,23-Feb-2018
weider.app2,House & Home,1.4M,23-Feb-2018
com.em.customer,Medical,7.3M,24-Feb-2018
com.tagisland.tagisland.tagisland_native_android,Lifestyle,11M,25-Feb-2018
com.maniloff.translator.ru_it,Books & Reference,2.5M,27-Feb-2018
com.eduspa.mlearning,Education,19M,2-Mar-2018
com.triposo.droidguide.world,Travel & Local,81M,5-Mar-2018
cz.cyberfox.azalmobile,Travel & Local,3.0M,5-Mar-2018
com.hkp.hkpInfo,Finance,23M,13-Mar-2018
com.ea.internetsizyemektarifleri,Food & Drink,14M,18-Mar-2018
fr.parisinfos,Sports,2.9M,18-Mar-2018
com.checkmyplanner,Social,13M,22-Mar-2018
ie.zappy.fennec.hangarhpc,Health & Fitness,13M,23-Mar-2018
ie.zappy.fennec.spinzone,Health & Fitness,12M,23-Mar-2018
com.monotype.android.font.theme.tattoo,Personalization,3.0M,24-Mar-2018
de.corussoft.avpfinancetools,Finance,3.3M,26-Mar-2018
ie.zappy.fennec.thestudio,Health & Fitness,11M,26-Mar-2018
com.tigcal.pinoyjokes,Entertainment,3.5M,28-Mar-2018
com.gappsolutions.canstockquotes,Finance,3.7M,31-Mar-2018
com.smileapp.oil,Finance,4.4M,2-Apr-2018
com.esealed.dallah,Education,8.2M,8-Apr-2018
saucon.android.sanctuarypark,Maps & Navigation,2.8M,9-Apr-2018
com.fourdxmedia.skillstacker,Casual,14M,10-Apr-2018
com.teej.songs,Entertainment,3.4M,10-Apr-2018
jp.programminglife.wifireconnect,Communication,2.0M,12-Apr-2018
com.andromo.dev27966.app206338,Education,20M,13-Apr-2018
com.lotto.espanaloteria,Entertainment,3.8M,13-Apr-2018
com.relicplay.testapp,Arcade,16M,15-Apr-2018
org.playball.mobile,Sports,6.2M,19-Apr-2018
com.tuneme.tuneme,Music & Audio,Varies with device,21-Apr-2018
com.sunmedia.sunlive,News & Magazines,2.0M,22-Apr-2018
cristian.barest,Food & Drink,6.7M,22-Apr-2018
com.netzfrequenz.android.vop.programme,Entertainment,20M,26-Apr-2018
de.domberg.app.dombergbamberg,Travel & Local,14M,26-Apr-2018
br.com.goleditora.nuvemlivrosvivocel,Books & Reference,19M,27-Apr-2018
com.midland.mrinfo,Finance,21M,30-Apr-2018
com.mypermissions.mypermissions,Tools,13M,30-Apr-2018
com.vladdrummer.orthodoxprayerfree,Books & Reference,4.2M,7-May-2018
com.app.udenz,Health & Fitness,34M,8-May-2018
com.showup.golfrhonealpes,Business,4.8M,9-May-2018
com.swingers.player,Music & Audio,1.7M,10-May-2018
org.healthyrecipes.shrimp,Food & Drink,4.5M,11-May-2018
br.gov.bcb.mobile.android.cambiolegal,Finance,8.3M,14-May-2018
jp.digitallab.chambalin,Lifestyle,9.6M,14-May-2018
com.toolboxmarketing.mallcomm,Business,9.0M,15-May-2018
com.arieshgs.jogodeavioes,Arcade,14M,16-May-2018
jp.co.softbanktelecom.j2g.okinawa2go,Travel & Local,41M,17-May-2018
samsungupdate.com,News & Magazines,Varies with device,17-May-2018
com.faspark.android,Maps & Navigation,33M,24-May-2018
com.greppy.tiff14,Entertainment,5.5M,24-May-2018
com.sinkalation.crossword,Puzzle,1.5M,25-May-2018
ro.smartdiesel.smartdiesel,Maps & Navigation,19M,25-May-2018
com.buscarloteria.buscarloteria,Entertainment,9.9M,29-May-2018
com.myleaderboard.GolfChannel,Sports,88M,30-May-2018
com.bravento,Health & Fitness,Varies with device,31-May-2018
com.space.wars,Action,16M,31-May-2018
tv.pps.mobile,Entertainment,32M,31-May-2018
com.kaola,Shopping,38M,6-Jun-2018
com.workpail.inkpad.notepad.notes,Productivity,4.2M,6-Jun-2018
com.Acrylic.Paint.Abstract.Art,Art & Design,3.6M,8-Jun-2018
com.andromo.dev295341.app290101,Entertainment,4.4M,12-Jun-2018
com.bouncetv.apps.network,Entertainment,15M,12-Jun-2018
com.mindmovies.matrix,Video Players & Editors,3.7M,12-Jun-2018
nl.burgernet,Tools,16M,14-Jun-2018
uz.lamuz.player,Music & Audio,14M,18-Jun-2018
com.digivive.superhitcinema,Entertainment,8.0M,19-Jun-2018
com.fireball.bakingrecipe,Food & Drink,7.9M,20-Jun-2018
com.nanoequipment.proteach,Education,23M,21-Jun-2018
de.thecode.zwoelfter,Sports,3.6M,21-Jun-2018
org.openttd.sdl,Simulation,Varies with device,21-Jun-2018
team.vc.settimo,News & Magazines,24M,21-Jun-2018
de.ulli.karopapier.app,Casual,3.9M,22-Jun-2018
com.returntool.gosushi,Lifestyle,3.9M,23-Jun-2018
com.yodesoft.android.game.yopuzzleFish,Puzzle,12M,23-Jun-2018
mastermindsports.clever.cricket,Sports,16M,24-Jun-2018
com.aspsine.multithreaddownload,Books & Reference,2.6M,28-Jun-2018
com.grarak.kerneladiutor,Tools,3.6M,2-Jul-2018
com.greatclips.android,Lifestyle,Varies with device,2-Jul-2018
com.abidingradio.app,Music & Audio,5.0M,5-Jul-2018
com.haodou.recipe,Lifestyle,43M,10-Jul-2018
com.podio,Productivity,12M,11-Jul-2018
goodsoft.pl.doctenalu,Medical,3.8M,13-Jul-2018
hk.mls.richland,Finance,4.0M,16-Jul-2018
com.magzter.nationalgeographicturkiye,Lifestyle,8.7M,17-Jul-2018
com.magzter.tinklespecialdigestbengali,Comics,8.7M,17-Jul-2018
com.magzter.discoverindiasnortheast,Travel & Local,8.7M,18-Jul-2018
com.finperssaver,Finance,15M,19-Jul-2018
com.magzter.hwmindonesia,Lifestyle,8.7M,19-Jul-2018
com.magzter.iconmalaysia,Lifestyle,8.7M,19-Jul-2018
com.magzter.sgnautilus,Business,8.7M,19-Jul-2018
com.emart.today,Lifestyle,38M,20-Jul-2018
com.magzter.gardenculturemagazineus,Lifestyle,8.8M,23-Jul-2018
com.danale.video,Lifestyle,37M,24-Jul-2018
com.riatech.vegetarianrecipes,Food & Drink,7.2M,24-Jul-2018
com.magzter.popstar,Entertainment,9.0M,25-Jul-2018
com.magzter.signature,Lifestyle,8.9M,25-Jul-2018
com.nxcast.stations.il.fm100,Music & Audio,28M,25-Jul-2018
com.bubblesoftware.offline,Health & Fitness,2.2M,26-Jul-2018
com.radionetwork.ace,Music & Audio,5.6M,26-Jul-2018
com.desk.android,Business,5.3M,27-Jul-2018
com.n_ix.pocket_wod,Health & Fitness,30M,27-Jul-2018
com.pione.questiondiary,Lifestyle,3.2M,27-Jul-2018
org.kfjc.android.player,Music & Audio,2.4M,28-Jul-2018
com.wedding.centerpieces.appp1,Lifestyle,16M,29-Jul-2018
msrtc.helpline.numbers2,Maps & Navigation,3.9M,29-Jul-2018
org.videolan.vlc,Video Players & Editors,Varies with device,30-Jul-2018
com.andromo.dev19570.app196321,Sports,4.0M,31-Jul-2018
com.mobile.bizo.fiszki,Education,38M,1-Aug-2018
com.jmsys.inbrain,Education,3.4M,6-Aug-2018
auinfo.ru.arbitrage,Social,3.2M,7-Aug-2018
com.andromo.dev442382.app443090,Music & Audio,8.4M,9-Aug-2018
org.dandroidmobile.xgimp,Productivity,9.7M,12-Aug-2018
kr.altplus.app.no1hsk,Education,13M,14-Aug-2018
com.fishtrack.android,Weather,56M,15-Aug-2018
com.gpsmycity.android.u245,Travel & Local,42M,16-Aug-2018
com.gpsmycity.android.u347,Travel & Local,42M,16-Aug-2018
com.jailbase.mobile_app,News & Magazines,Varies with device,16-Aug-2018
com.gpsmycity.android.u378,Travel & Local,43M,17-Aug-2018
com.marionnaud.marionnaudfrance,Shopping,30M,17-Aug-2018
com.fevdev.nakedbrowser,Communication,120k,19-Aug-2018
com.garniev.ahorcado,Puzzle,3.7M,19-Aug-2018
screenulator.com.trendline.charts.free,Finance,3.4M,21-Aug-2018
com.gpsmycity.android.u277,Travel & Local,42M,22-Aug-2018
com.huddle.huddle,Business,90M,22-Aug-2018
ic.buzzebees,Social,11M,23-Aug-2018
com.gpsmycity.android.u194,Travel & Local,42M,24-Aug-2018
com.smarttec.alofokeplay,Music & Audio,6.1M,29-Aug-2018
com.hihomobile,Business,6.8M,31-Aug-2018
com.andromo.dev516441.app500662,Music & Audio,3.6M,5-Sep-2018
nl.weerplaza.app,Weather,13M,6-Sep-2018
cn.com.modernmedia.businessweek,News & Magazines,10M,7-Sep-2018
com.clari,Productivity,15M,7-Sep-2018
com.uhd.wallpapersmacro4k,Personalization,3.5M,7-Sep-2018
com.usahockey.android.usahockey,Sports,9.5M,12-Sep-2018
com.yellowpages.android.ypmobile,Travel & Local,10M,13-Sep-2018
de.freenet.mail,Communication,Varies with device,13-Sep-2018
com.plavatvornica.krizevci,Travel & Local,11M,18-Sep-2018
bunchofball.developigor.com,Entertainment,5.8M,19-Sep-2018
com.ladelfa.famousfigures,Education,5.2M,19-Sep-2018
com.syncerplay.snail_run,Arcade,14M,21-Sep-2018
okasan.com.fxmobile,Finance,2.2M,22-Sep-2018
com.andromo.dev516441.app495315,Music & Audio,3.3M,23-Sep-2018
com.geaxgame.pokerking,Card,20M,23-Sep-2018
com.mars.bluebook,Business,3.5M,24-Sep-2018
com.HomeDesign.devOscar.app,Lifestyle,14M,25-Sep-2018
us.modern.thermometer.smokers,Tools,3.2M,25-Sep-2018
com.arjonasoftware.eltiempo,Weather,1.7M,28-Sep-2018
com.fullfunapps.successstories,Social,5.3M,28-Sep-2018
com.rogokeupay.diseasesdictionary,Health & Fitness,6.7M,28-Sep-2018
net.dafc.forum,Sports,3.7M,28-Sep-2018
bitcoin.cryto.tracker,Finance,3.3M,29-Sep-2018
jp.hamsoft.hamoooooon,Social,2.9M,30-Sep-2018
com.bestapproach.trumpphiladelphia,Sports,36M,1-Oct-2018
com.droidmobi.kdrama,Entertainment,3.1M,1-Oct-2018
de.schutzranzen.autofahrer,Parenting,9.3M,2-Oct-2018
apptrends.maps_navigation.friends_mobile_location_tracker,Tools,5.0M,3-Oct-2018
com.vistara.tsal,Travel & Local,8.3M,4-Oct-2018
cz.ursimon.webkamery,Weather,5.5M,4-Oct-2018
mountainlake.ihs.com,Personalization,7.8M,4-Oct-2018
com.grieex,Video Players & Editors,8.1M,5-Oct-2018
com.andromo.dev340820.app351473,Travel & Local,3.7M,9-Oct-2018
com.gradtrain.gradtrain,Education,26M,9-Oct-2018
com.magzter.businessindia,Business,9.8M,9-Oct-2018
com.magzter.metalhammer,Music & Audio,9.8M,9-Oct-2018
com.onexsoftech.waterfallphotoframes,Photography,7.6M,9-Oct-2018
com.appmocha.hkuacl,Health & Fitness,40M,10-Oct-2018
com.infoland.basic_mechanical_engineering,Education,3.5M,10-Oct-2018
com.sonicoctaves.reiki_music_free,Music & Audio,3.5M,11-Oct-2018
com.worketc.activity,Business,7.9M,11-Oct-2018
deytek.sakaryabarosu,Business,40M,11-Oct-2018
jp.danball.panda,Arcade,9.4M,12-Oct-2018
garant.ru,Business,55M,13-Oct-2018
com.photokindle.GoodNight.Photo.Frames,Photography,21M,14-Oct-2018
com.vertuals.ais,Education,Varies with device,15-Oct-2018
com.app.app45671f7523eb,Business,18M,16-Oct-2018
com.sony.playmemories.mobile,Video Players & Editors,12M,16-Oct-2018
com.teletogether.smartmanager,Business,6.5M,16-Oct-2018
com.crowdcompass.appfgC8F4l5kI,Business,28M,17-Oct-2018
com.kklivewallpaper.tiger,Personalization,6.4M,17-Oct-2018
com.pasawahanappmaker.malay.malaysia.korea.korean.kamus.dictionary.translator,Books & Reference,5.5M,19-Oct-2018
com.sharefaith.sfchurchapp_95fcba810e7e2a2b,Lifestyle,7.9M,19-Oct-2018
com.zenmate.android,Tools,13M,19-Oct-2018
com.androiderapps.familyquotes,Lifestyle,3.1M,22-Oct-2018
com.cuteharleywallpapers.cosmicequalizer,Personalization,25M,22-Oct-2018
br.lojasnoparaguai.com.app,Shopping,5.0M,23-Oct-2018
com.movitae.android,Education,Varies with device,23-Oct-2018
com.amc.ui,Productivity,6.5M,24-Oct-2018
com.digiturkwebtv.mobil,Entertainment,14M,24-Oct-2018
com.mo2o.nh,Travel & Local,35M,24-Oct-2018
sh.ftp.rocketninelabs.meditationassistant,Health & Fitness,5.3M,24-Oct-2018
com.smoothierecipes,Health & Fitness,3.2M,30-Oct-2018
com.surfmerchants.presto.insta,Productivity,3.2M,30-Oct-2018
kr.or.hansalim.shop,Shopping,8.6M,30-Oct-2018
llc.auroraappdesign.votd,Books & Reference,5.9M,30-Oct-2018
com.appspoint.banglalovesms,Lifestyle,4.0M,31-Oct-2018
de.android.telnet,Tools,17M,31-Oct-2018
jp.eure.couples,Entertainment,33M,31-Oct-2018
ru.webvo.book.AOUILBRWRYTAIQOT,Books & Reference,3.7M,31-Oct-2018
com.fundoapps.gpsmappaid,Travel & Local,7.6M,1-Nov-2018
com.ha.looting,Role Playing,4.9M,1-Nov-2018
com.airbridge.inwedding,Lifestyle,4.3M,3-Nov-2018
com.mateuyabar.vacapp,Tools,10M,5-Nov-2018
com.pixoplay.gymcoach,Health & Fitness,5.5M,6-Nov-2018
com.sina.app.weiboheadline,News & Magazines,11M,7-Nov-2018
com.spcards.buket,Entertainment,4.4M,7-Nov-2018
magic.space,Personalization,7.4M,7-Nov-2018
net.andg.picosweet,Photography,41M,7-Nov-2018
com.beckhoff.ba002en,News & Magazines,Varies with device,8-Nov-2018
mx.weex.ss,Communication,21M,9-Nov-2018
st.brothas.mtgoxwidget,Finance,Varies with device,10-Nov-2018
com.clobz.orion,Business,7.3M,12-Nov-2018
com.boreumdal.voca.jap.test.start,Education,12M,13-Nov-2018
com.andromo.dev310659.app298946,Lifestyle,24M,14-Nov-2018
com.phondini.iLaguna,Travel & Local,12M,14-Nov-2018
de.dealdoktor.app,Shopping,5.7M,14-Nov-2018
com.freeyourmusic.stamp,Music & Audio,12M,15-Nov-2018
com.labour.ies,Business,5.2M,15-Nov-2018
air.com.religare.iPhone,Finance,8.5M,16-Nov-2018
com.kfit.kfitapp,Health & Fitness,18M,16-Nov-2018
cc.chess,Puzzle,4.5M,17-Nov-2018
ae.appfreeislamic.HumoodAlKhudherMp3,Music & Audio,99M,18-Nov-2018
com.blogspot.ov3r.s0ft.czytnik.tvn24,News & Magazines,7.1M,18-Nov-2018
yuku.alkitab,Books & Reference,Varies with device,19-Nov-2018
com.app.app23e86a35f916,Business,22M,20-Nov-2018
com.simpleapps.crackmyphone,Entertainment,2.4M,20-Nov-2018
ie.rte.news,News & Magazines,10M,21-Nov-2018
com.philenews,News & Magazines,12M,22-Nov-2018
info.zmobile.dev.gpsmapnavigation,Maps & Navigation,2.8M,22-Nov-2018
photography.blackgallery.android,Tools,5.7M,22-Nov-2018
com.tpvision.philipstvapp,Entertainment,22M,23-Nov-2018
com.hellosundaymorning.android.challenges,Health & Fitness,14M,26-Nov-2018
com.touchbyte.photosync,Photography,39M,27-Nov-2018
com.busTrack,Maps & Navigation,8.6M,28-Nov-2018
com.stuart.client,Shopping,9.5M,28-Nov-2018
com.imobile.gp.beerpongtrick,Sports,22M,29-Nov-2018
com.quranreading.muslimduaseries,Books & Reference,5.2M,29-Nov-2018
com.petzila.petzi,Social,46M,30-Nov-2018
net.globalrecordings.fivefish,Books & Reference,Varies with device,2-Dec-2018
jp.co.cyberagent.madrid,Productivity,26M,3-Dec-2018
pl.antyradio20,Music & Audio,11M,3-Dec-2018
com.absi.tfctv,Entertainment,Varies with device,4-Dec-2018
com.fixeads.imovirtual,Shopping,14M,4-Dec-2018
com.jb.gokeyboard.theme.tmehandwritingkeyboard,Personalization,5.8M,4-Dec-2018
com.ipmsoft.ipmsoft_01_33_n,Business,4.3M,5-Dec-2018
com.zumobi.msnbc,News & Magazines,Varies with device,5-Dec-2018
jp.co.pepabo.colorme.app,Business,4.4M,5-Dec-2018
com.andromo.dev230101.app214376,Music & Audio,5.7M,6-Dec-2018
com.internetdesignzone.zodiacprofile,Lifestyle,9.2M,6-Dec-2018
com.fiberlink.maas360.android.securebrowser,Business,9.8M,7-Dec-2018
com.froogloid.kring.google.zxing.client.android,Shopping,24M,7-Dec-2018
com.magzter.geopolitics,News & Magazines,8.6M,7-Dec-2018
com.maltaapps.ilaj,Lifestyle,20M,7-Dec-2018
com.twentyfirstcbh.epaper,News & Magazines,35M,7-Dec-2018
me.keepy,Parenting,Varies with device,7-Dec-2018
ru.vddevelopment.ref.enoren.free,Books & Reference,8.6M,8-Dec-2018
ru.vddevelopment.ref.kkbnkk.free,Books & Reference,8.6M,8-Dec-2018
ru.vddevelopment.ref.kkidkk.free,Books & Reference,8.6M,8-Dec-2018
ru.vddevelopment.ref.kkmnkk.free,Books & Reference,8.6M,8-Dec-2018
com.sunshine.eva,Social,4.4M,9-Dec-2018
sali.rss.news.feed.reader.android.app,News & Magazines,3.0M,9-Dec-2018
com.firevpn.vpn,Tools,12M,10-Dec-2018
com.foxdesignlab.thebeatlessingconcert,Personalization,9.9M,10-Dec-2018
com.srdev.jpgtopdf,Tools,8.4M,10-Dec-2018
com.eatthismuch,Health & Fitness,40M,11-Dec-2018
com.jee.stin.jee,Lifestyle,6.7M,11-Dec-2018
in.freeapps.christmasringtones,Music & Audio,16M,11-Dec-2018
in.krsolutions.germanynews,News & Magazines,9.3M,11-Dec-2018
in.krsolutions.uknews,News & Magazines,9.3M,11-Dec-2018
ru.devchuli.www.devchuli,Parenting,9.1M,12-Dec-2018
com.mobilesoft.meteojordaniearabic,Weather,7.3M,13-Dec-2018
jujama.com.cns,Business,27M,13-Dec-2018
com.bccard.worldcup,Travel & Local,17M,14-Dec-2018
land.dict.tditsl1.free,Books & Reference,15M,14-Dec-2018
com.MnlVch,Entertainment,6.8M,16-Dec-2018
com.sweaters.android,Sports,27M,16-Dec-2018
com.andromo.dev230101.app279704,Music & Audio,6.2M,17-Dec-2018
com.grandsons.dictboxfa,Books & Reference,72M,17-Dec-2018
com.lelic.speedcam,Auto & Vehicles,8.6M,17-Dec-2018
com.mydriver.customer,Travel & Local,8.3M,17-Dec-2018
de.zorillasoft.musicfolderplayer,Music & Audio,Varies with device,17-Dec-2018
fi.mtv.mtvuutiset,News & Magazines,23M,17-Dec-2018
br.com.rotary.aplicativo,Social,5.9M,18-Dec-2018
cat.gencat.mobi.guiaconversa,Education,23M,18-Dec-2018
com.elisa.viihde,Entertainment,57M,18-Dec-2018
com.gamefly.android.gamecenter,Entertainment,13M,18-Dec-2018
jp.co.sevenbank.AppPassbook,Finance,18M,18-Dec-2018
com.innovativelanguage.dailydose,Education,21M,19-Dec-2018
com.photokindle.Candle.Night.Photo.Frame,Photography,23M,19-Dec-2018
com.sharefaith.sfchurchapp_052ab41ed63c8a43,Lifestyle,6.8M,19-Dec-2018
com.sharefaith.sfchurchapp_3a0b42eabf2aaa22,Lifestyle,7.6M,19-Dec-2018
com.redrazors.pathbuilder,Tools,15M,20-Dec-2018
com.sharefaith.sfchurchapp_9a06c45dec5f3152,Lifestyle,11M,20-Dec-2018
jp.lg.town.eiheiji.ArukiEiheiji,Travel & Local,15M,20-Dec-2018
com.baiwang.styleinstabox,Photography,17M,21-Dec-2018
com.flipps.fitetv,Sports,17M,21-Dec-2018
com.ivoox.app,Music & Audio,18M,21-Dec-2018
com.sharefaith.sfchurchapp_5ee2394e699bdd89,Lifestyle,15M,21-Dec-2018
com.sharefaith.sfchurchapp_b089d4af945385f6,Lifestyle,13M,21-Dec-2018
com.sobersystems.mobile_managed,Health & Fitness,18M,21-Dec-2018
com.themoin.remit,Finance,20M,21-Dec-2018
no.odinsystemer.fixit,Lifestyle,15M,21-Dec-2018
com.appssolution.step.calories.pedometer,Health & Fitness,9.1M,22-Dec-2018
com.crewapp.android.crew,Business,24M,22-Dec-2018
com.sharefaith.sfchurchapp_4969267ff08a881a,Lifestyle,13M,22-Dec-2018
com.parkingd2,Maps & Navigation,15M,23-Dec-2018
it.gp.radiosound,Music & Audio,4.9M,24-Dec-2018
com.AngleApp.NewYearWishMessages,Entertainment,3.3M,27-Dec-2018
ru.omdevelopment.ref.biblero.free,Books & Reference,8.6M,27-Dec-2018
br.com.yesachei,Travel & Local,10M,28-Dec-2018
com.sharefaith.sfchurchapp_5154ff4ffa99de2b,Lifestyle,6.8M,28-Dec-2018
com.sharefaith.sfchurchapp_9613d09331abb444,Lifestyle,15M,28-Dec-2018
com.kwet.zopoz.com,Books & Reference,9.7M,29-Dec-2018
com.wNoakhalidistrict,Travel & Local,11M,29-Dec-2018
cloud.islamweb.quranalmohaisany,Music & Audio,4.2M,31-Dec-2018
com.Ozuzil.BedroomDesign.app1,Lifestyle,11M,1-Jan-2019
com.si.reach,Social,12M,1-Jan-2019
com.faapps.Abdulbasit,Music & Audio,3.5M,2-Jan-2019
mobi.jackd.android,Social,Varies with device,2-Jan-2019
cc.telecomdigital.tdstock,Finance,5.7M,3-Jan-2019
com.jnj.mocospace.android,Dating,7.2M,3-Jan-2019
home.solo.launcher.free,Personalization,7.7M,3-Jan-2019
com.campmobile.launcher,Personalization,21M,4-Jan-2019
com.carmellimo.limousine,Maps & Navigation,56M,4-Jan-2019
com.quikrete,Lifestyle,6.6M,4-Jan-2019
com.shemaroo.srinathjidevotionalsongs,Music & Audio,5.3M,4-Jan-2019
com.tencent.qqlive,Video Players & Editors,47M,4-Jan-2019
com.chudodevelop.fishdishesru.free,Books & Reference,3.9M,5-Jan-2019
com.fltech.ceyloncalendar,Lifestyle,3.8M,5-Jan-2019
com.sharefaith.sfchurchapp_6c428378979b12c5,Lifestyle,18M,5-Jan-2019
com.sharefaith.sfchurchapp_72a11b1563105fda,Lifestyle,11M,5-Jan-2019
com.app.benietv,Entertainment,21M,6-Jan-2019
com.aviosys.ipower,Tools,1.1M,7-Jan-2019
com.ead.louvemosfinal,Music & Audio,6.9M,7-Jan-2019
com.jobstreet.jobstreet,Business,9.3M,7-Jan-2019
com.abercrombie.abercrombie,Shopping,Varies with device,8-Jan-2019
com.app.app93cf0076150b,Music & Audio,21M,8-Jan-2019
com.bearwww2.android,Social,9.6M,8-Jan-2019
com.branchmessenger,Business,26M,8-Jan-2019
com.callruby.rubyreceptionists,Business,16M,8-Jan-2019
com.craftsilicon.littlecabdriver,Maps & Navigation,19M,8-Jan-2019
com.fairytale.fortune,Casual,39M,8-Jan-2019
com.skyyer.skyyeronline,Travel & Local,27M,8-Jan-2019
de.geeksfactory.opacclient,Education,Varies with device,8-Jan-2019
io.cleanfox.android,Productivity,20M,8-Jan-2019
mbinc12.mb32b,Music & Audio,Varies with device,8-Jan-2019
com.briniclemobile.dontalk2,Communication,22M,9-Jan-2019
com.diabetesstudio.clientandroid,Medical,7.0M,9-Jan-2019
com.handmark.sportcaster,Sports,Varies with device,9-Jan-2019
com.lionmobi.powerclean,Tools,6.9M,9-Jan-2019
com.sharefaith.sfchurchapp_2b04f79c0f1cb64f,Lifestyle,14M,9-Jan-2019
com.zoho.mail,Productivity,10M,9-Jan-2019
kr.co.koreachart.city,House & Home,24M,9-Jan-2019
br.com.ctncardoso.ctncar,Auto & Vehicles,10M,10-Jan-2019
com.andromo.dev531981.app503900,Music & Audio,5.4M,10-Jan-2019
com.raycom.wbrc,News & Magazines,17M,10-Jan-2019
com.sharefaith.sfchurchapp_04ff0f3286c6a2ee,Lifestyle,22M,10-Jan-2019
com.sharefaith.sfchurchapp_56533aab264c1e0e,Lifestyle,11M,10-Jan-2019
com.sharefaith.sfchurchapp_7ad6191fceccca24,Lifestyle,11M,10-Jan-2019
com.siddharthainsurance,Business,4.5M,10-Jan-2019
com.storypark.families.android,Education,25M,10-Jan-2019
qa.ooredoo.android,Communication,29M,10-Jan-2019
com.mingdao,Business,68M,11-Jan-2019
com.qanvast.Qanvast,House & Home,31M,11-Jan-2019
com.smsrobot.period,Medical,Varies with device,11-Jan-2019
com.symantec.mobile.idsafe,Tools,Varies with device,11-Jan-2019
com.webappclouds.helenshaven,Health & Fitness,32M,11-Jan-2019
me.tombailey.mapsforminecraftpelite,Tools,Varies with device,11-Jan-2019
com.buscaalimento.android,Health & Fitness,Varies with device,12-Jan-2019
com.imranapps.madaniwallpapers,Personalization,8.5M,12-Jan-2019
com.tvshowfavs,Entertainment,11M,12-Jan-2019
eu.melkersson.colorplanet,Casual,10M,12-Jan-2019
com.baek.Gatalk3,Word,Varies with device,13-Jan-2019
com.InteriorDesign.devOscar.app,Lifestyle,14M,13-Jan-2019
com.kaleidosstudio.natural_remedies,Health & Fitness,6.4M,13-Jan-2019
be.uest.terva,Health & Fitness,7.7M,14-Jan-2019
chiu.hyatt.diningofferstw,Lifestyle,7.6M,14-Jan-2019
com.distilledmedia.adverts,Lifestyle,Varies with device,14-Jan-2019
com.infinx.ourconfidant,Health & Fitness,33M,14-Jan-2019
com.infotoo.certieye,Tools,38M,14-Jan-2019
com.notesgen.activity,Education,8.6M,14-Jan-2019
com.Splitwise.SplitwiseMobile,Finance,Varies with device,14-Jan-2019
fm.superplayer.jukebot,Music & Audio,29M,14-Jan-2019
fr.lcl.android.customerarea,Finance,46M,14-Jan-2019
be.appmax.asltravel,Travel & Local,8.1M,15-Jan-2019
com.amtee.camscanner,Personalization,27M,16-Jan-2019
com.andromeda.newyonsei,Education,5.0M,16-Jan-2019
com.andromeda.sophiapiano,Education,5.0M,16-Jan-2019
com.andromeda.wonjcncart,Education,4.2M,16-Jan-2019
com.mobileapp.bonfyre,Business,31M,16-Jan-2019
com.sharefaith.sfchurchapp_85e28f310cffafcd,Lifestyle,23M,16-Jan-2019
com.sharefaith.sfchurchapp_a59ddc05062e472b,Lifestyle,15M,16-Jan-2019
com.sharefaith.sfchurchapp_d4f217744855320a,Lifestyle,8.4M,16-Jan-2019
jp.co.hikesiya.android.magazine,Photography,20M,16-Jan-2019
com.acquasys.invest,Finance,3.4M,17-Jan-2019
com.funeasylearn.finnish,Education,55M,17-Jan-2019
com.funeasylearn.russian,Education,52M,17-Jan-2019
com.iobit.mobilecare,Tools,11M,17-Jan-2019
com.sec.penup,Art & Design,26M,17-Jan-2019
com.sharefaith.sfchurchapp_2d2e640a270f2a42,Lifestyle,6.6M,17-Jan-2019
com.sharefaith.sfchurchapp_6329583e5251de5d,Lifestyle,11M,17-Jan-2019
com.sharefaith.sfchurchapp_6c53f20a4b00a1f6,Lifestyle,9.2M,17-Jan-2019
com.sharefaith.sfchurchapp_75aa79f06217bb60,Lifestyle,16M,17-Jan-2019
com.sharefaith.sfchurchapp_d87bea7f3af7c96b,Lifestyle,6.4M,17-Jan-2019
de.dieterthiess.ipwidget,Tools,Varies with device,17-Jan-2019
fr.aeroportsdeparis.myairport,Maps & Navigation,32M,17-Jan-2019
irain.app,Weather,11M,17-Jan-2019
kr.ac.kbtus.libweb,Libraries & Demo,7.3M,17-Jan-2019
se.max.android.locator,Food & Drink,Varies with device,17-Jan-2019
com.hootsuite.droid.full,Social,14M,18-Jan-2019
com.ltc.ltcservice,Business,18M,18-Jan-2019
com.rcsing,Entertainment,21M,18-Jan-2019
com.vitvov.profit,Finance,4.3M,18-Jan-2019
com.vtcreator.android360,Photography,12M,18-Jan-2019
pl.k2.droidoaudioteka,Books & Reference,9.9M,18-Jan-2019
com.teamtol.livedota,Entertainment,5.4M,19-Jan-2019
com.thinkyeah.galleryvault,Video Players & Editors,Varies with device,19-Jan-2019
com.nezdroid.cardashdroid,Auto & Vehicles,8.6M,20-Jan-2019
br.com.retta.demander,Business,12M,21-Jan-2019
com.cocoichiapp.app,Lifestyle,12M,21-Jan-2019
com.exaktime.mobile,Productivity,Varies with device,21-Jan-2019
com.fusionmedia.investing,Finance,33M,21-Jan-2019
com.guichevirtual.android,Travel & Local,Varies with device,21-Jan-2019
com.roundmenu,Food & Drink,32M,21-Jan-2019
com.sharefaith.sfchurchapp_8395df80bfb0dffb,Lifestyle,8.3M,21-Jan-2019
com.sivale.android,Finance,Varies with device,21-Jan-2019
com.smartapps.videodownloaderforfacebook,Social,4.2M,21-Jan-2019
org.fox.ttrss,News & Magazines,3.2M,21-Jan-2019
com.andromo.dev137436.app218606,Music & Audio,3.0M,22-Jan-2019
com.andromo.dev137436.app259309,Music & Audio,3.0M,22-Jan-2019
com.bellhops.bellhops,Lifestyle,34M,22-Jan-2019
com.devbridge.ServiceBridge,Business,8.7M,22-Jan-2019
com.tencent.qqmusic,Music & Audio,57M,22-Jan-2019
de.schildbach.oeffi,Maps & Navigation,Varies with device,22-Jan-2019
org.reyfasoft.reinavalera1960,Lifestyle,5.5M,22-Jan-2019
pl.mp.empendium,Medical,4.0M,22-Jan-2019
com.economics168,News & Magazines,51M,23-Jan-2019
com.ela.android,Health & Fitness,15M,23-Jan-2019
com.idealista.android,House & Home,15M,23-Jan-2019
com.makeshop.powerapp.dewytree1,Shopping,4.8M,23-Jan-2019
com.matchstv,Sports,4.2M,23-Jan-2019
com.sonymobile.sketch,Art & Design,33M,23-Jan-2019
com.surepesa.hazinasacco,Finance,11M,23-Jan-2019
com.vitalsource.bookshelf,Education,56M,23-Jan-2019
com.webwag.topsante,Health & Fitness,8.5M,23-Jan-2019
com.zoho.projects,Productivity,10.0M,23-Jan-2019
publog.app,Photography,31M,23-Jan-2019
and.ambassador.com,Travel & Local,3.5M,24-Jan-2019
com.cathay.mymobione,Finance,33M,24-Jan-2019
com.jingzhaokeji.subway,Travel & Local,74M,24-Jan-2019
com.kopykitab.gate,Education,8.4M,24-Jan-2019
com.makeshop.powerapp.puloon,Shopping,4.8M,24-Jan-2019
com.myphoto.zipperlockscreen,Personalization,5.7M,24-Jan-2019
com.rockmyrun.rockmyrun,Health & Fitness,38M,24-Jan-2019
ru.yandex.rasp,Maps & Navigation,Varies with device,24-Jan-2019
cc.pacer.androidapp,Health & Fitness,29M,25-Jan-2019
chocolife.me,Shopping,8.7M,25-Jan-2019
com.apps.mecon,Entertainment,41M,25-Jan-2019
com.bluedream.malssmmoa,Communication,1.6M,25-Jan-2019
com.epublish,Books & Reference,9.8M,25-Jan-2019
com.iherb,Shopping,Varies with device,25-Jan-2019
com.kimscom.clockview,Lifestyle,605k,25-Jan-2019
com.popularapp.periodcalendar,Health & Fitness,Varies with device,25-Jan-2019
vStudio.Android.Camera360,Photography,Varies with device,25-Jan-2019
net.katapu.HoldAloftSearch,Maps & Navigation,Varies with device,27-Jan-2019
com.allinone.callerid,Communication,Varies with device,28-Jan-2019
com.azimo.sendmoney,Finance,Varies with device,28-Jan-2019
com.cmcm.freevpn,Tools,6.2M,28-Jan-2019
com.funflirt,Social,24M,28-Jan-2019
com.hackers.app,Education,9.4M,28-Jan-2019
com.ismaker.android.simsimi,Entertainment,29M,28-Jan-2019
com.ninefolders.hd3,Business,34M,28-Jan-2019
com.progamma.caravel,Tools,5.2M,28-Jan-2019
com.rookiestudio.perfectviewer,Comics,Varies with device,28-Jan-2019
com.smzdm.client.android,Shopping,29M,28-Jan-2019
com.testbook.caapp,Education,4.1M,28-Jan-2019
app.alpify,Lifestyle,11M,29-Jan-2019
br.com.copataxi.passenger.taximachine,Maps & Navigation,9.5M,29-Jan-2019
com.david.android.languageswitch,EducationEducation,10M,29-Jan-2019
com.gamebasics.osm,Sports,23M,29-Jan-2019
com.jappit.calcio,Sports,Varies with device,29-Jan-2019
com.kbi.widget.dday,Entertainment,17M,29-Jan-2019
com.meitu.meipaimv,Photography,56M,29-Jan-2019
com.squareup,Business,Varies with device,29-Jan-2019
com.ticktalk.translatevoice,Tools,27M,29-Jan-2019
com.ticktick.task,Productivity,Varies with device,29-Jan-2019
co.windyapp.android,Weather,28M,29-Jan-2019
gbis.gbandroid,Travel & Local,51M,29-Jan-2019
jp.ameba,Social,Varies with device,29-Jan-2019
ru.afisha.restaurants,Lifestyle,14M,29-Jan-2019
appbank.lovephotoframe,Photography,11M,30-Jan-2019
chat.meet.date.me,Dating,27M,30-Jan-2019
com.andromo.dev137436.app222039,Music & Audio,3.9M,30-Jan-2019
com.andromo.dev27966.app200789,Entertainment,26M,30-Jan-2019
com.bigbluebubble.singingmonsters.full,Simulation,79M,30-Jan-2019
com.gameloft.android.ANMP.GloftDMHM,CasualAction & Adventure,Varies with device,30-Jan-2019
com.life.work.housewife,Books & Reference,31M,30-Jan-2019
com.makru.minecraftbook,Books & Reference,14M,30-Jan-2019
com.mbalib.android.wiki,Education,Varies with device,30-Jan-2019
com.microsoft.bing,Tools,25M,30-Jan-2019
com.sgiggle.production,Social,Varies with device,30-Jan-2019
com.skyvin.numr.scanreceipt,Business,22M,30-Jan-2019
com.symantec.mobilesecurity,Tools,24M,30-Jan-2019
com.xinmei365.font,Personalization,8.7M,30-Jan-2019
in.droom,Shopping,16M,30-Jan-2019
org.fxclub.libertex,Finance,Varies with device,30-Jan-2019
com.allocine.androidapp,Entertainment,Varies with device,31-Jan-2019
